{
  "domains": {
    "景点": {
      "description": "查找景点",
      "slots": {
        "名称": {
          "description": "景点名称",
          "is_categorical": false,
          "possible_values": []
        },
        "门票": {
          "description": "景点门票价格",
          "is_categorical": false,
          "possible_values": []
        },
        "游玩时间": {
          "description": "景点游玩时间",
          "is_categorical": false,
          "possible_values": []
        },
        "评分": {
          "description": "景点评分",
          "is_categorical": false,
          "possible_values": []
        },
        "地址": {
          "description": "景点地址",
          "is_categorical": false,
          "possible_values": []
        },
        "电话": {
          "description": "景点电话",
          "is_categorical": false,
          "possible_values": []
        },
        "周边景点": {
          "description": "景点周边景点",
          "is_categorical": false,
          "possible_values": []
        },
        "周边餐馆": {
          "description": "景点周边餐馆",
          "is_categorical": false,
          "possible_values": []
        },
        "周边酒店": {
          "description": "景点周边酒店",
          "is_categorical": false,
          "possible_values": []
        }
      }
    },
    "餐馆": {
      "description": "查找餐馆",
      "slots": {
        "名称": {
          "description": "餐馆名称",
          "is_categorical": false,
          "possible_values": []
        },
        "推荐菜": {
          "description": "餐馆推荐菜",
          "is_categorical": false,
          "possible_values": []
        },
        "人均消费": {
          "description": "餐馆人均消费",
          "is_categorical": false,
          "possible_values": []
        },
        "评分": {
          "description": "餐馆评分",
          "is_categorical": false,
          "possible_values": []
        },
        "地址": {
          "description": "餐馆地址",
          "is_categorical": false,
          "possible_values": []
        },
        "电话": {
          "description": "餐馆电话",
          "is_categorical": false,
          "possible_values": []
        },
        "营业时间": {
          "description": "餐馆营业时间",
          "is_categorical": false,
          "possible_values": []
        },
        "周边景点": {
          "description": "餐馆周边景点",
          "is_categorical": false,
          "possible_values": []
        },
        "周边餐馆": {
          "description": "餐馆周边餐馆",
          "is_categorical": false,
          "possible_values": []
        },
        "周边酒店": {
          "description": "餐馆周边酒店",
          "is_categorical": false,
          "possible_values": []
        }
      }
    },
    "酒店": {
      "description": "查找酒店",
      "slots": {
        "名称": {
          "description": "酒店名称",
          "is_categorical": false,
          "possible_values": []
        },
        "酒店类型": {
          "description": "酒店类型",
          "is_categorical": true,
          "possible_values": [
            "高档型",
            "豪华型",
            "经济型",
            "舒适型"
          ]
        },
        "酒店设施": {
          "description": "酒店设施",
          "is_categorical": false,
          "possible_values": []
        },
        "价格": {
          "description": "酒店价格",
          "is_categorical": false,
          "possible_values": []
        },
        "评分": {
          "description": "酒店评分",
          "is_categorical": false,
          "possible_values": []
        },
        "地址": {
          "description": "酒店地址",
          "is_categorical": false,
          "possible_values": []
        },
        "电话": {
          "description": "酒店电话",
          "is_categorical": false,
          "possible_values": []
        },
        "周边景点": {
          "description": "酒店周边景点",
          "is_categorical": false,
          "possible_values": []
        },
        "周边餐馆": {
          "description": "酒店周边餐馆",
          "is_categorical": false,
          "possible_values": []
        },
        "周边酒店": {
          "description": "酒店周边酒店",
          "is_categorical": false,
          "possible_values": []
        }
      }
    },
    "地铁": {
      "description": "乘坐地铁从某地到某地",
      "slots": {
        "出发地": {
          "description": "地铁出发地",
          "is_categorical": false,
          "possible_values": []
        },
        "目的地": {
          "description": "地铁目的地",
          "is_categorical": false,
          "possible_values": []
        },
        "出发地附近地铁站": {
          "description": "出发地附近地铁站",
          "is_categorical": false,
          "possible_values": []
        },
        "目的地附近地铁站": {
          "description": "目的地附近地铁站",
          "is_categorical": false,
          "possible_values": []
        }
      }
    },
    "出租": {
      "description": "乘坐出租车从某地到某地",
      "slots": {
        "出发地": {
          "description": "出租出发地",
          "is_categorical": false,
          "possible_values": []
        },
        "目的地": {
          "description": "出租目的地",
          "is_categorical": false,
          "possible_values": []
        },
        "车型": {
          "description": "出租车车型",
          "is_categorical": true,
          "possible_values": [
            "#CX"
          ]
        },
        "车牌": {
          "description": "出租车车牌",
          "is_categorical": true,
          "possible_values": [
            "#CP"
          ]
        }
      }
    },
    "General": {
      "description": "通用领域",
      "slots": {}
    }
  },
  "intents": {
    "Inform": {
      "description": "告知相关属性"
    },
    "Request": {
      "description": "询问相关属性"
    },
    "Recommend": {
      "description": "推荐搜索结果"
    },
    "Select": {
      "description": "在附近搜索"
    },
    "NoOffer": {
      "description": "未找到符合用户要求的结果"
    },
    "bye": {
      "description": "再见"
    },
    "thank": {
      "description": "感谢"
    },
    "welcome": {
      "description": "不客气"
    },
    "greet": {
      "description": "打招呼"
    }
  },
  "state": {
    "景点": {
      "名称": "",
      "门票": "",
      "游玩时间": "",
      "评分": "",
      "周边景点": "",
      "周边餐馆": "",
      "周边酒店": ""
    },
    "餐馆": {
      "名称": "",
      "推荐菜": "",
      "人均消费": "",
      "评分": "",
      "周边景点": "",
      "周边餐馆": "",
      "周边酒店": ""
    },
    "酒店": {
      "名称": "",
      "酒店类型": "",
      "酒店设施": "",
      "价格": "",
      "评分": "",
      "周边景点": "",
      "周边餐馆": "",
      "周边酒店": ""
    },
    "地铁": {
      "出发地": "",
      "目的地": ""
    },
    "出租": {
      "出发地": "",
      "目的地": ""
    }
  },
  "dialogue_acts": {
    "categorical": [
      "{'user': False, 'system': True, 'intent': 'Inform', 'domain': '出租', 'slot': '车型'}",
      "{'user': False, 'system': True, 'intent': 'Inform', 'domain': '出租', 'slot': '车牌'}",
      "{'user': True, 'system': True, 'intent': 'Inform', 'domain': '酒店', 'slot': '酒店类型'}"
    ],
    "non-categorical": [
      "{'user': False, 'system': True, 'intent': 'Inform', 'domain': '地铁', 'slot': '出发地附近地铁站'}",
      "{'user': False, 'system': True, 'intent': 'Inform', 'domain': '地铁', 'slot': '目的地附近地铁站'}",
      "{'user': False, 'system': True, 'intent': 'Inform', 'domain': '景点', 'slot': '周边景点'}",
      "{'user': False, 'system': True, 'intent': 'Inform', 'domain': '景点', 'slot': '周边酒店'}",
      "{'user': False, 'system': True, 'intent': 'Inform', 'domain': '景点', 'slot': '周边餐馆'}",
      "{'user': False, 'system': True, 'intent': 'Inform', 'domain': '景点', 'slot': '地址'}",
      "{'user': False, 'system': True, 'intent': 'Inform', 'domain': '景点', 'slot': '电话'}",
      "{'user': False, 'system': True, 'intent': 'Inform', 'domain': '酒店', 'slot': '周边景点'}",
      "{'user': False, 'system': True, 'intent': 'Inform', 'domain': '酒店', 'slot': '周边餐馆'}",
      "{'user': False, 'system': True, 'intent': 'Inform', 'domain': '酒店', 'slot': '地址'}",
      "{'user': False, 'system': True, 'intent': 'Inform', 'domain': '酒店', 'slot': '电话'}",
      "{'user': False, 'system': True, 'intent': 'Inform', 'domain': '餐馆', 'slot': '周边景点'}",
      "{'user': False, 'system': True, 'intent': 'Inform', 'domain': '餐馆', 'slot': '周边酒店'}",
      "{'user': False, 'system': True, 'intent': 'Inform', 'domain': '餐馆', 'slot': '周边餐馆'}",
      "{'user': False, 'system': True, 'intent': 'Inform', 'domain': '餐馆', 'slot': '地址'}",
      "{'user': False, 'system': True, 'intent': 'Inform', 'domain': '餐馆', 'slot': '电话'}",
      "{'user': False, 'system': True, 'intent': 'Inform', 'domain': '餐馆', 'slot': '营业时间'}",
      "{'user': False, 'system': True, 'intent': 'Recommend', 'domain': '景点', 'slot': '名称'}",
      "{'user': False, 'system': True, 'intent': 'Recommend', 'domain': '酒店', 'slot': '名称'}",
      "{'user': False, 'system': True, 'intent': 'Recommend', 'domain': '餐馆', 'slot': '名称'}",
      "{'user': True, 'system': False, 'intent': 'Inform', 'domain': '出租', 'slot': '出发地'}",
      "{'user': True, 'system': False, 'intent': 'Inform', 'domain': '出租', 'slot': '目的地'}",
      "{'user': True, 'system': False, 'intent': 'Inform', 'domain': '地铁', 'slot': '出发地'}",
      "{'user': True, 'system': False, 'intent': 'Inform', 'domain': '地铁', 'slot': '目的地'}",
      "{'user': True, 'system': True, 'intent': 'Inform', 'domain': '景点', 'slot': '名称'}",
      "{'user': True, 'system': True, 'intent': 'Inform', 'domain': '景点', 'slot': '游玩时间'}",
      "{'user': True, 'system': True, 'intent': 'Inform', 'domain': '景点', 'slot': '评分'}",
      "{'user': True, 'system': True, 'intent': 'Inform', 'domain': '景点', 'slot': '门票'}",
      "{'user': True, 'system': True, 'intent': 'Inform', 'domain': '酒店', 'slot': '价格'}",
      "{'user': True, 'system': True, 'intent': 'Inform', 'domain': '酒店', 'slot': '名称'}",
      "{'user': True, 'system': True, 'intent': 'Inform', 'domain': '酒店', 'slot': '评分'}",
      "{'user': True, 'system': True, 'intent': 'Inform', 'domain': '餐馆', 'slot': '人均消费'}",
      "{'user': True, 'system': True, 'intent': 'Inform', 'domain': '餐馆', 'slot': '名称'}",
      "{'user': True, 'system': True, 'intent': 'Inform', 'domain': '餐馆', 'slot': '推荐菜'}",
      "{'user': True, 'system': True, 'intent': 'Inform', 'domain': '餐馆', 'slot': '评分'}"
    ],
    "binary": [
      "{'user': False, 'system': True, 'intent': 'Inform', 'domain': '酒店', 'slot': '酒店设施-24小时热水-否'}",
      "{'user': False, 'system': True, 'intent': 'Inform', 'domain': '酒店', 'slot': '酒店设施-SPA-否'}",
      "{'user': False, 'system': True, 'intent': 'Inform', 'domain': '酒店', 'slot': '酒店设施-中式餐厅-否'}",
      "{'user': False, 'system': True, 'intent': 'Inform', 'domain': '酒店', 'slot': '酒店设施-会议室-否'}",
      "{'user': False, 'system': True, 'intent': 'Inform', 'domain': '酒店', 'slot': '酒店设施-免费国内长途电话-否'}",
      "{'user': False, 'system': True, 'intent': 'Inform', 'domain': '酒店', 'slot': '酒店设施-免费市内电话-否'}",
      "{'user': False, 'system': True, 'intent': 'Inform', 'domain': '酒店', 'slot': '酒店设施-公共区域和部分房间提供wifi-否'}",
      "{'user': False, 'system': True, 'intent': 'Inform', 'domain': '酒店', 'slot': '酒店设施-叫醒服务-否'}",
      "{'user': False, 'system': True, 'intent': 'Inform', 'domain': '酒店', 'slot': '酒店设施-吹风机-否'}",
      "{'user': False, 'system': True, 'intent': 'Inform', 'domain': '酒店', 'slot': '酒店设施-商务中心-否'}",
      "{'user': False, 'system': True, 'intent': 'Inform', 'domain': '酒店', 'slot': '酒店设施-国际长途电话-否'}",
      "{'user': False, 'system': True, 'intent': 'Inform', 'domain': '酒店', 'slot': '酒店设施-室内游泳池-否'}",
      "{'user': False, 'system': True, 'intent': 'Inform', 'domain': '酒店', 'slot': '酒店设施-室外游泳池-否'}",
      "{'user': False, 'system': True, 'intent': 'Inform', 'domain': '酒店', 'slot': '酒店设施-宽带上网-否'}",
      "{'user': False, 'system': True, 'intent': 'Inform', 'domain': '酒店', 'slot': '酒店设施-所有房间提供wifi-否'}",
      "{'user': False, 'system': True, 'intent': 'Inform', 'domain': '酒店', 'slot': '酒店设施-接待外宾-否'}",
      "{'user': False, 'system': True, 'intent': 'Inform', 'domain': '酒店', 'slot': '酒店设施-接机服务-否'}",
      "{'user': False, 'system': True, 'intent': 'Inform', 'domain': '酒店', 'slot': '酒店设施-接站服务-否'}",
      "{'user': False, 'system': True, 'intent': 'Inform', 'domain': '酒店', 'slot': '酒店设施-收费停车位-否'}",
      "{'user': False, 'system': True, 'intent': 'Inform', 'domain': '酒店', 'slot': '酒店设施-无烟房-否'}",
      "{'user': False, 'system': True, 'intent': 'Inform', 'domain': '酒店', 'slot': '酒店设施-早餐服务-否'}",
      "{'user': False, 'system': True, 'intent': 'Inform', 'domain': '酒店', 'slot': '酒店设施-早餐服务免费-否'}",
      "{'user': False, 'system': True, 'intent': 'Inform', 'domain': '酒店', 'slot': '酒店设施-暖气-否'}",
      "{'user': False, 'system': True, 'intent': 'Inform', 'domain': '酒店', 'slot': '酒店设施-桑拿-否'}",
      "{'user': False, 'system': True, 'intent': 'Inform', 'domain': '酒店', 'slot': '酒店设施-棋牌室-否'}",
      "{'user': False, 'system': True, 'intent': 'Inform', 'domain': '酒店', 'slot': '酒店设施-残疾人设施-否'}",
      "{'user': False, 'system': True, 'intent': 'Inform', 'domain': '酒店', 'slot': '酒店设施-洗衣服务-否'}",
      "{'user': False, 'system': True, 'intent': 'Inform', 'domain': '酒店', 'slot': '酒店设施-看护小孩服务-否'}",
      "{'user': False, 'system': True, 'intent': 'Inform', 'domain': '酒店', 'slot': '酒店设施-行李寄存-否'}",
      "{'user': False, 'system': True, 'intent': 'Inform', 'domain': '酒店', 'slot': '酒店设施-西式餐厅-否'}",
      "{'user': False, 'system': True, 'intent': 'Inform', 'domain': '酒店', 'slot': '酒店设施-部分房间提供wifi-否'}",
      "{'user': False, 'system': True, 'intent': 'Inform', 'domain': '酒店', 'slot': '酒店设施-酒吧-否'}",
      "{'user': False, 'system': True, 'intent': 'Inform', 'domain': '酒店', 'slot': '酒店设施-酒店各处提供wifi-否'}",
      "{'user': False, 'system': True, 'intent': 'NoOffer', 'domain': '景点', 'slot': ''}",
      "{'user': False, 'system': True, 'intent': 'NoOffer', 'domain': '酒店', 'slot': ''}",
      "{'user': False, 'system': True, 'intent': 'NoOffer', 'domain': '餐馆', 'slot': ''}",
      "{'user': False, 'system': True, 'intent': 'reqmore', 'domain': 'General', 'slot': ''}",
      "{'user': False, 'system': True, 'intent': 'welcome', 'domain': 'General', 'slot': ''}",
      "{'user': True, 'system': False, 'intent': 'Inform', 'domain': '酒店', 'slot': '酒店设施-看护小孩服务-是'}",
      "{'user': True, 'system': False, 'intent': 'Request', 'domain': '出租', 'slot': '车型'}",
      "{'user': True, 'system': False, 'intent': 'Request', 'domain': '出租', 'slot': '车牌'}",
      "{'user': True, 'system': False, 'intent': 'Request', 'domain': '地铁', 'slot': '出发地附近地铁站'}",
      "{'user': True, 'system': False, 'intent': 'Request', 'domain': '地铁', 'slot': '目的地附近地铁站'}",
      "{'user': True, 'system': False, 'intent': 'Request', 'domain': '景点', 'slot': '名称'}",
      "{'user': True, 'system': False, 'intent': 'Request', 'domain': '景点', 'slot': '周边景点'}",
      "{'user': True, 'system': False, 'intent': 'Request', 'domain': '景点', 'slot': '周边酒店'}",
      "{'user': True, 'system': False, 'intent': 'Request', 'domain': '景点', 'slot': '周边餐馆'}",
      "{'user': True, 'system': False, 'intent': 'Request', 'domain': '景点', 'slot': '地址'}",
      "{'user': True, 'system': False, 'intent': 'Request', 'domain': '景点', 'slot': '游玩时间'}",
      "{'user': True, 'system': False, 'intent': 'Request', 'domain': '景点', 'slot': '电话'}",
      "{'user': True, 'system': False, 'intent': 'Request', 'domain': '景点', 'slot': '评分'}",
      "{'user': True, 'system': False, 'intent': 'Request', 'domain': '景点', 'slot': '门票'}",
      "{'user': True, 'system': False, 'intent': 'Request', 'domain': '酒店', 'slot': '价格'}",
      "{'user': True, 'system': False, 'intent': 'Request', 'domain': '酒店', 'slot': '名称'}",
      "{'user': True, 'system': False, 'intent': 'Request', 'domain': '酒店', 'slot': '周边景点'}",
      "{'user': True, 'system': False, 'intent': 'Request', 'domain': '酒店', 'slot': '周边餐馆'}",
      "{'user': True, 'system': False, 'intent': 'Request', 'domain': '酒店', 'slot': '地址'}",
      "{'user': True, 'system': False, 'intent': 'Request', 'domain': '酒店', 'slot': '电话'}",
      "{'user': True, 'system': False, 'intent': 'Request', 'domain': '酒店', 'slot': '评分'}",
      "{'user': True, 'system': False, 'intent': 'Request', 'domain': '酒店', 'slot': '酒店类型'}",
      "{'user': True, 'system': False, 'intent': 'Request', 'domain': '酒店', 'slot': '酒店设施-24小时热水'}",
      "{'user': True, 'system': False, 'intent': 'Request', 'domain': '酒店', 'slot': '酒店设施-SPA'}",
      "{'user': True, 'system': False, 'intent': 'Request', 'domain': '酒店', 'slot': '酒店设施-中式餐厅'}",
      "{'user': True, 'system': False, 'intent': 'Request', 'domain': '酒店', 'slot': '酒店设施-会议室'}",
      "{'user': True, 'system': False, 'intent': 'Request', 'domain': '酒店', 'slot': '酒店设施-健身房'}",
      "{'user': True, 'system': False, 'intent': 'Request', 'domain': '酒店', 'slot': '酒店设施-免费国内长途电话'}",
      "{'user': True, 'system': False, 'intent': 'Request', 'domain': '酒店', 'slot': '酒店设施-免费市内电话'}",
      "{'user': True, 'system': False, 'intent': 'Request', 'domain': '酒店', 'slot': '酒店设施-公共区域和部分房间提供wifi'}",
      "{'user': True, 'system': False, 'intent': 'Request', 'domain': '酒店', 'slot': '酒店设施-公共区域提供wifi'}",
      "{'user': True, 'system': False, 'intent': 'Request', 'domain': '酒店', 'slot': '酒店设施-叫醒服务'}",
      "{'user': True, 'system': False, 'intent': 'Request', 'domain': '酒店', 'slot': '酒店设施-吹风机'}",
      "{'user': True, 'system': False, 'intent': 'Request', 'domain': '酒店', 'slot': '酒店设施-商务中心'}",
      "{'user': True, 'system': False, 'intent': 'Request', 'domain': '酒店', 'slot': '酒店设施-国际长途电话'}",
      "{'user': True, 'system': False, 'intent': 'Request', 'domain': '酒店', 'slot': '酒店设施-室内游泳池'}",
      "{'user': True, 'system': False, 'intent': 'Request', 'domain': '酒店', 'slot': '酒店设施-室外游泳池'}",
      "{'user': True, 'system': False, 'intent': 'Request', 'domain': '酒店', 'slot': '酒店设施-宽带上网'}",
      "{'user': True, 'system': False, 'intent': 'Request', 'domain': '酒店', 'slot': '酒店设施-所有房间提供wifi'}",
      "{'user': True, 'system': False, 'intent': 'Request', 'domain': '酒店', 'slot': '酒店设施-接待外宾'}",
      "{'user': True, 'system': False, 'intent': 'Request', 'domain': '酒店', 'slot': '酒店设施-接机服务'}",
      "{'user': True, 'system': False, 'intent': 'Request', 'domain': '酒店', 'slot': '酒店设施-接站服务'}",
      "{'user': True, 'system': False, 'intent': 'Request', 'domain': '酒店', 'slot': '酒店设施-收费停车位'}",
      "{'user': True, 'system': False, 'intent': 'Request', 'domain': '酒店', 'slot': '酒店设施-无烟房'}",
      "{'user': True, 'system': False, 'intent': 'Request', 'domain': '酒店', 'slot': '酒店设施-早餐服务'}",
      "{'user': True, 'system': False, 'intent': 'Request', 'domain': '酒店', 'slot': '酒店设施-早餐服务免费'}",
      "{'user': True, 'system': False, 'intent': 'Request', 'domain': '酒店', 'slot': '酒店设施-暖气'}",
      "{'user': True, 'system': False, 'intent': 'Request', 'domain': '酒店', 'slot': '酒店设施-桑拿'}",
      "{'user': True, 'system': False, 'intent': 'Request', 'domain': '酒店', 'slot': '酒店设施-棋牌室'}",
      "{'user': True, 'system': False, 'intent': 'Request', 'domain': '酒店', 'slot': '酒店设施-残疾人设施'}",
      "{'user': True, 'system': False, 'intent': 'Request', 'domain': '酒店', 'slot': '酒店设施-洗衣服务'}",
      "{'user': True, 'system': False, 'intent': 'Request', 'domain': '酒店', 'slot': '酒店设施-温泉'}",
      "{'user': True, 'system': False, 'intent': 'Request', 'domain': '酒店', 'slot': '酒店设施-看护小孩服务'}",
      "{'user': True, 'system': False, 'intent': 'Request', 'domain': '酒店', 'slot': '酒店设施-租车'}",
      "{'user': True, 'system': False, 'intent': 'Request', 'domain': '酒店', 'slot': '酒店设施-行李寄存'}",
      "{'user': True, 'system': False, 'intent': 'Request', 'domain': '酒店', 'slot': '酒店设施-西式餐厅'}",
      "{'user': True, 'system': False, 'intent': 'Request', 'domain': '酒店', 'slot': '酒店设施-部分房间提供wifi'}",
      "{'user': True, 'system': False, 'intent': 'Request', 'domain': '酒店', 'slot': '酒店设施-酒吧'}",
      "{'user': True, 'system': False, 'intent': 'Request', 'domain': '酒店', 'slot': '酒店设施-酒店各处提供wifi'}",
      "{'user': True, 'system': False, 'intent': 'Request', 'domain': '餐馆', 'slot': '人均消费'}",
      "{'user': True, 'system': False, 'intent': 'Request', 'domain': '餐馆', 'slot': '名称'}",
      "{'user': True, 'system': False, 'intent': 'Request', 'domain': '餐馆', 'slot': '周边景点'}",
      "{'user': True, 'system': False, 'intent': 'Request', 'domain': '餐馆', 'slot': '周边酒店'}",
      "{'user': True, 'system': False, 'intent': 'Request', 'domain': '餐馆', 'slot': '周边餐馆'}",
      "{'user': True, 'system': False, 'intent': 'Request', 'domain': '餐馆', 'slot': '地址'}",
      "{'user': True, 'system': False, 'intent': 'Request', 'domain': '餐馆', 'slot': '推荐菜'}",
      "{'user': True, 'system': False, 'intent': 'Request', 'domain': '餐馆', 'slot': '电话'}",
      "{'user': True, 'system': False, 'intent': 'Request', 'domain': '餐馆', 'slot': '营业时间'}",
      "{'user': True, 'system': False, 'intent': 'Request', 'domain': '餐馆', 'slot': '评分'}",
      "{'user': True, 'system': False, 'intent': 'Select', 'domain': '景点', 'slot': '源领域-景点'}",
      "{'user': True, 'system': False, 'intent': 'Select', 'domain': '景点', 'slot': '源领域-酒店'}",
      "{'user': True, 'system': False, 'intent': 'Select', 'domain': '景点', 'slot': '源领域-餐馆'}",
      "{'user': True, 'system': False, 'intent': 'Select', 'domain': '酒店', 'slot': '源领域-景点'}",
      "{'user': True, 'system': False, 'intent': 'Select', 'domain': '酒店', 'slot': '源领域-餐馆'}",
      "{'user': True, 'system': False, 'intent': 'Select', 'domain': '餐馆', 'slot': '源领域-景点'}",
      "{'user': True, 'system': False, 'intent': 'Select', 'domain': '餐馆', 'slot': '源领域-酒店'}",
      "{'user': True, 'system': False, 'intent': 'Select', 'domain': '餐馆', 'slot': '源领域-餐馆'}",
      "{'user': True, 'system': True, 'intent': 'Inform', 'domain': '酒店', 'slot': '酒店设施-24小时热水-是'}",
      "{'user': True, 'system': True, 'intent': 'Inform', 'domain': '酒店', 'slot': '酒店设施-SPA-是'}",
      "{'user': True, 'system': True, 'intent': 'Inform', 'domain': '酒店', 'slot': '酒店设施-中式餐厅-是'}",
      "{'user': True, 'system': True, 'intent': 'Inform', 'domain': '酒店', 'slot': '酒店设施-会议室-是'}",
      "{'user': True, 'system': True, 'intent': 'Inform', 'domain': '酒店', 'slot': '酒店设施-健身房-否'}",
      "{'user': True, 'system': True, 'intent': 'Inform', 'domain': '酒店', 'slot': '酒店设施-健身房-是'}",
      "{'user': True, 'system': True, 'intent': 'Inform', 'domain': '酒店', 'slot': '酒店设施-免费国内长途电话-是'}",
      "{'user': True, 'system': True, 'intent': 'Inform', 'domain': '酒店', 'slot': '酒店设施-免费市内电话-是'}",
      "{'user': True, 'system': True, 'intent': 'Inform', 'domain': '酒店', 'slot': '酒店设施-公共区域和部分房间提供wifi-是'}",
      "{'user': True, 'system': True, 'intent': 'Inform', 'domain': '酒店', 'slot': '酒店设施-公共区域提供wifi-否'}",
      "{'user': True, 'system': True, 'intent': 'Inform', 'domain': '酒店', 'slot': '酒店设施-公共区域提供wifi-是'}",
      "{'user': True, 'system': True, 'intent': 'Inform', 'domain': '酒店', 'slot': '酒店设施-叫醒服务-是'}",
      "{'user': True, 'system': True, 'intent': 'Inform', 'domain': '酒店', 'slot': '酒店设施-吹风机-是'}",
      "{'user': True, 'system': True, 'intent': 'Inform', 'domain': '酒店', 'slot': '酒店设施-商务中心-是'}",
      "{'user': True, 'system': True, 'intent': 'Inform', 'domain': '酒店', 'slot': '酒店设施-国际长途电话-是'}",
      "{'user': True, 'system': True, 'intent': 'Inform', 'domain': '酒店', 'slot': '酒店设施-室内游泳池-是'}",
      "{'user': True, 'system': True, 'intent': 'Inform', 'domain': '酒店', 'slot': '酒店设施-室外游泳池-是'}",
      "{'user': True, 'system': True, 'intent': 'Inform', 'domain': '酒店', 'slot': '酒店设施-宽带上网-是'}",
      "{'user': True, 'system': True, 'intent': 'Inform', 'domain': '酒店', 'slot': '酒店设施-所有房间提供wifi-是'}",
      "{'user': True, 'system': True, 'intent': 'Inform', 'domain': '酒店', 'slot': '酒店设施-接待外宾-是'}",
      "{'user': True, 'system': True, 'intent': 'Inform', 'domain': '酒店', 'slot': '酒店设施-接机服务-是'}",
      "{'user': True, 'system': True, 'intent': 'Inform', 'domain': '酒店', 'slot': '酒店设施-接站服务-是'}",
      "{'user': True, 'system': True, 'intent': 'Inform', 'domain': '酒店', 'slot': '酒店设施-收费停车位-是'}",
      "{'user': True, 'system': True, 'intent': 'Inform', 'domain': '酒店', 'slot': '酒店设施-无烟房-是'}",
      "{'user': True, 'system': True, 'intent': 'Inform', 'domain': '酒店', 'slot': '酒店设施-早餐服务-是'}",
      "{'user': True, 'system': True, 'intent': 'Inform', 'domain': '酒店', 'slot': '酒店设施-早餐服务免费-是'}",
      "{'user': True, 'system': True, 'intent': 'Inform', 'domain': '酒店', 'slot': '酒店设施-暖气-是'}",
      "{'user': True, 'system': True, 'intent': 'Inform', 'domain': '酒店', 'slot': '酒店设施-桑拿-是'}",
      "{'user': True, 'system': True, 'intent': 'Inform', 'domain': '酒店', 'slot': '酒店设施-棋牌室-是'}",
      "{'user': True, 'system': True, 'intent': 'Inform', 'domain': '酒店', 'slot': '酒店设施-残疾人设施-是'}",
      "{'user': True, 'system': True, 'intent': 'Inform', 'domain': '酒店', 'slot': '酒店设施-洗衣服务-是'}",
      "{'user': True, 'system': True, 'intent': 'Inform', 'domain': '酒店', 'slot': '酒店设施-温泉-否'}",
      "{'user': True, 'system': True, 'intent': 'Inform', 'domain': '酒店', 'slot': '酒店设施-温泉-是'}",
      "{'user': True, 'system': True, 'intent': 'Inform', 'domain': '酒店', 'slot': '酒店设施-租车-否'}",
      "{'user': True, 'system': True, 'intent': 'Inform', 'domain': '酒店', 'slot': '酒店设施-租车-是'}",
      "{'user': True, 'system': True, 'intent': 'Inform', 'domain': '酒店', 'slot': '酒店设施-行李寄存-是'}",
      "{'user': True, 'system': True, 'intent': 'Inform', 'domain': '酒店', 'slot': '酒店设施-西式餐厅-是'}",
      "{'user': True, 'system': True, 'intent': 'Inform', 'domain': '酒店', 'slot': '酒店设施-部分房间提供wifi-是'}",
      "{'user': True, 'system': True, 'intent': 'Inform', 'domain': '酒店', 'slot': '酒店设施-酒吧-是'}",
      "{'user': True, 'system': True, 'intent': 'Inform', 'domain': '酒店', 'slot': '酒店设施-酒店各处提供wifi-是'}",
      "{'user': True, 'system': True, 'intent': 'bye', 'domain': 'General', 'slot': ''}",
      "{'user': True, 'system': True, 'intent': 'greet', 'domain': 'General', 'slot': ''}",
      "{'user': True, 'system': True, 'intent': 'thank', 'domain': 'General', 'slot': ''}"
    ]
  }
}