{
  "domains": {
    "movie": {
      "description": "Book movie tickets for the user",
      "slots": {
        "name.movie": {
          "description": "Name of the movie, e.g. Joker, Parasite, The Avengers",
          "is_categorical": false,
          "possible_values": []
        },
        "name.theater": {
          "description": "Name of the theater, e.g. Century City, AMC Mercado 20",
          "is_categorical": false,
          "possible_values": []
        },
        "date.showing": {
          "description": "the date or day of the showing, e.g. today, tonight, tomrrow, April 12th.",
          "is_categorical": false,
          "possible_values": []
        },
        "date.release": {
          "description": "Movie attribute published for the official movie release date.",
          "is_categorical": false,
          "possible_values": []
        },
        "description.plot": {
          "description": "The movie synopsis or shorter description",
          "is_categorical": false,
          "possible_values": []
        },
        "description.other": {
          "description": "Any other movie description that is not captured by genre, name, plot.",
          "is_categorical": false,
          "possible_values": []
        },
        "duration.movie": {
          "description": "The movie runtime, e.g. 120 minutes",
          "is_categorical": false,
          "possible_values": []
        },
        "location": {
          "description": "The city, or city and state, zip code and sometimes more specific regions, e.g. downtown",
          "is_categorical": false,
          "possible_values": []
        },
        "name.character": {
          "description": "Character names like James Bond, Harry Potter, Wonder Woman",
          "is_categorical": false,
          "possible_values": []
        },
        "name.genre": {
          "description": "Includes a wide range from classic genres like action, drama, etc. to categories like \"slasher\" or series like Marvel or Harry Potter",
          "is_categorical": false,
          "possible_values": []
        },
        "name.person": {
          "description": "Names of actors, directors, producers but NOT movie characters",
          "is_categorical": false,
          "possible_values": []
        },
        "num.tickets": {
          "description": "Number of tickets, e.g. two, me and my friend, John and I",
          "is_categorical": false,
          "possible_values": []
        },
        "price.ticket": {
          "description": "Price per ticket",
          "is_categorical": false,
          "possible_values": []
        },
        "price.total": {
          "description": "The total for the purchase of all tickets",
          "is_categorical": false,
          "possible_values": []
        },
        "rating.movie": {
          "description": "G, PG, PG-13, R, etc.",
          "is_categorical": false,
          "possible_values": []
        },
        "review.audience": {
          "description": "The audience review",
          "is_categorical": false,
          "possible_values": []
        },
        "review.critic": {
          "description": "Critic reviews like those from Rotten Tomatoes, IMDB, etc.",
          "is_categorical": false,
          "possible_values": []
        },
        "seating": {
          "description": "Various phrases from specific \"row 1\" to \"near the back\", \"on an aisle\", etc.",
          "is_categorical": false,
          "possible_values": []
        },
        "time.preference": {
          "description": "Preferred time or range, e.g. around 2pm, later in the evening, 4:30pm",
          "is_categorical": false,
          "possible_values": []
        },
        "time.showing": {
          "description": "The showtimes published by the theater, e.g. 5:10pm, 8:30pm",
          "is_categorical": false,
          "possible_values": []
        },
        "type.screening": {
          "description": "IMAX, Dolby, 3D, standard, or similar phrases for technology offerings",
          "is_categorical": false,
          "possible_values": []
        }
      }
    }
  },
  "intents": {
    "inform": {
      "description": "inform the value of a slot or general information."
    }
  },
  "state": {
    "movie": {
      "name.movie": "",
      "name.theater": "",
      "date.showing": "",
      "date.release": "",
      "duration.movie": "",
      "location": "",
      "name.character": "",
      "name.genre": "",
      "name.person": "",
      "num.tickets": "",
      "price.ticket": "",
      "price.total": "",
      "rating.movie": "",
      "review.audience": "",
      "review.critic": "",
      "seating": "",
      "time.preference": "",
      "time.showing": "",
      "type.screening": ""
    }
  },
  "dialogue_acts": {
    "categorical": [],
    "non-categorical": [
      "{'speaker': 'system', 'intent': 'inform', 'domain': 'movie', 'slot': 'date.release'}",
      "{'speaker': 'system', 'intent': 'inform', 'domain': 'movie', 'slot': 'date.showing'}",
      "{'speaker': 'system', 'intent': 'inform', 'domain': 'movie', 'slot': 'duration.movie'}",
      "{'speaker': 'system', 'intent': 'inform', 'domain': 'movie', 'slot': 'location'}",
      "{'speaker': 'system', 'intent': 'inform', 'domain': 'movie', 'slot': 'name.character'}",
      "{'speaker': 'system', 'intent': 'inform', 'domain': 'movie', 'slot': 'name.genre'}",
      "{'speaker': 'system', 'intent': 'inform', 'domain': 'movie', 'slot': 'name.movie'}",
      "{'speaker': 'system', 'intent': 'inform', 'domain': 'movie', 'slot': 'name.person'}",
      "{'speaker': 'system', 'intent': 'inform', 'domain': 'movie', 'slot': 'name.theater'}",
      "{'speaker': 'system', 'intent': 'inform', 'domain': 'movie', 'slot': 'num.tickets'}",
      "{'speaker': 'system', 'intent': 'inform', 'domain': 'movie', 'slot': 'price.ticket'}",
      "{'speaker': 'system', 'intent': 'inform', 'domain': 'movie', 'slot': 'price.total'}",
      "{'speaker': 'system', 'intent': 'inform', 'domain': 'movie', 'slot': 'rating.movie'}",
      "{'speaker': 'system', 'intent': 'inform', 'domain': 'movie', 'slot': 'review.audience'}",
      "{'speaker': 'system', 'intent': 'inform', 'domain': 'movie', 'slot': 'review.critic'}",
      "{'speaker': 'system', 'intent': 'inform', 'domain': 'movie', 'slot': 'seating'}",
      "{'speaker': 'system', 'intent': 'inform', 'domain': 'movie', 'slot': 'time.preference'}",
      "{'speaker': 'system', 'intent': 'inform', 'domain': 'movie', 'slot': 'time.showing'}",
      "{'speaker': 'system', 'intent': 'inform', 'domain': 'movie', 'slot': 'type.screening'}",
      "{'speaker': 'user', 'intent': 'inform', 'domain': 'movie', 'slot': 'date.release'}",
      "{'speaker': 'user', 'intent': 'inform', 'domain': 'movie', 'slot': 'date.showing'}",
      "{'speaker': 'user', 'intent': 'inform', 'domain': 'movie', 'slot': 'duration.movie'}",
      "{'speaker': 'user', 'intent': 'inform', 'domain': 'movie', 'slot': 'location'}",
      "{'speaker': 'user', 'intent': 'inform', 'domain': 'movie', 'slot': 'name.character'}",
      "{'speaker': 'user', 'intent': 'inform', 'domain': 'movie', 'slot': 'name.genre'}",
      "{'speaker': 'user', 'intent': 'inform', 'domain': 'movie', 'slot': 'name.movie'}",
      "{'speaker': 'user', 'intent': 'inform', 'domain': 'movie', 'slot': 'name.person'}",
      "{'speaker': 'user', 'intent': 'inform', 'domain': 'movie', 'slot': 'name.theater'}",
      "{'speaker': 'user', 'intent': 'inform', 'domain': 'movie', 'slot': 'num.tickets'}",
      "{'speaker': 'user', 'intent': 'inform', 'domain': 'movie', 'slot': 'price.ticket'}",
      "{'speaker': 'user', 'intent': 'inform', 'domain': 'movie', 'slot': 'price.total'}",
      "{'speaker': 'user', 'intent': 'inform', 'domain': 'movie', 'slot': 'rating.movie'}",
      "{'speaker': 'user', 'intent': 'inform', 'domain': 'movie', 'slot': 'review.audience'}",
      "{'speaker': 'user', 'intent': 'inform', 'domain': 'movie', 'slot': 'review.critic'}",
      "{'speaker': 'user', 'intent': 'inform', 'domain': 'movie', 'slot': 'seating'}",
      "{'speaker': 'user', 'intent': 'inform', 'domain': 'movie', 'slot': 'time.preference'}",
      "{'speaker': 'user', 'intent': 'inform', 'domain': 'movie', 'slot': 'time.showing'}",
      "{'speaker': 'user', 'intent': 'inform', 'domain': 'movie', 'slot': 'type.screening'}"
    ],
    "binary": [
      "{'speaker': 'system', 'intent': 'inform', 'domain': 'movie', 'slot': 'description.other', 'value': ''}",
      "{'speaker': 'system', 'intent': 'inform', 'domain': 'movie', 'slot': 'description.plot', 'value': ''}",
      "{'speaker': 'user', 'intent': 'inform', 'domain': 'movie', 'slot': 'description.other', 'value': ''}",
      "{'speaker': 'user', 'intent': 'inform', 'domain': 'movie', 'slot': 'description.plot', 'value': ''}"
    ]
  }
}