{
  "domains": {
    "attraction": {
      "description": "find an attraction",
      "slots": {
        "area": {
          "description": "area to search for attractions",
          "is_categorical": true,
          "possible_values": [
            "centre",
            "east",
            "north",
            "south",
            "west"
          ]
        },
        "name": {
          "description": "name of the attraction",
          "is_categorical": false,
          "possible_values": []
        },
        "type": {
          "description": "type of the attraction",
          "is_categorical": true,
          "possible_values": [
            "architecture",
            "boat",
            "cinema",
            "college",
            "concerthall",
            "entertainment",
            "museum",
            "multiple sports",
            "nightclub",
            "park",
            "swimmingpool",
            "theatre"
          ]
        },
        "entrance fee": {
          "description": "how much is the entrance fee",
          "is_categorical": false,
          "possible_values": []
        },
        "open hours": {
          "description": "open hours of the attraction",
          "is_categorical": false,
          "possible_values": []
        },
        "address": {
          "description": "address of the attraction",
          "is_categorical": false,
          "possible_values": []
        },
        "phone": {
          "description": "phone number of the attraction",
          "is_categorical": false,
          "possible_values": []
        },
        "postcode": {
          "description": "postcode of the attraction",
          "is_categorical": false,
          "possible_values": []
        },
        "choice": {
          "description": "number of attractions that meet the requirement",
          "is_categorical": false,
          "possible_values": []
        }
      }
    },
    "hotel": {
      "description": "find and book a hotel",
      "slots": {
        "internet": {
          "description": "whether the hotel has internet",
          "is_categorical": true,
          "possible_values": [
            "free",
            "no",
            "yes"
          ]
        },
        "parking": {
          "description": "whether the hotel has parking",
          "is_categorical": true,
          "possible_values": [
            "free",
            "no",
            "yes"
          ]
        },
        "area": {
          "description": "area or place of the hotel",
          "is_categorical": true,
          "possible_values": [
            "centre",
            "east",
            "north",
            "south",
            "west"
          ]
        },
        "stars": {
          "description": "star rating of the hotel",
          "is_categorical": true,
          "possible_values": [
            "0",
            "1",
            "2",
            "3",
            "4",
            "5"
          ]
        },
        "price range": {
          "description": "price budget of the hotel",
          "is_categorical": true,
          "possible_values": [
            "expensive",
            "cheap",
            "moderate"
          ]
        },
        "type": {
          "description": "what is the type of the hotel",
          "is_categorical": false,
          "possible_values": [
            "guesthouse",
            "hotel"
          ]
        },
        "name": {
          "description": "name of the hotel",
          "is_categorical": false,
          "possible_values": []
        },
        "book people": {
          "description": "number of people for the hotel booking",
          "is_categorical": false,
          "possible_values": []
        },
        "book stay": {
          "description": "length of stay at the hotel",
          "is_categorical": false,
          "possible_values": []
        },
        "book day": {
          "description": "day of the hotel booking",
          "is_categorical": true,
          "possible_values": [
            "monday",
            "tuesday",
            "wednesday",
            "thursday",
            "friday",
            "saturday",
            "sunday"
          ]
        },
        "phone": {
          "description": "phone number of the hotel",
          "is_categorical": false,
          "possible_values": []
        },
        "postcode": {
          "description": "postcode of the hotel",
          "is_categorical": false,
          "possible_values": []
        },
        "address": {
          "description": "address of the hotel",
          "is_categorical": false,
          "possible_values": []
        },
        "ref": {
          "description": "reference number of the hotel booking",
          "is_categorical": false,
          "possible_values": []
        },
        "choice": {
          "description": "number of hotels that meet the requirement",
          "is_categorical": false,
          "possible_values": []
        }
      }
    },
    "taxi": {
      "description": "rent taxi to travel",
      "slots": {
        "destination": {
          "description": "destination of taxi",
          "is_categorical": false,
          "possible_values": []
        },
        "departure": {
          "description": "departure location of taxi",
          "is_categorical": false,
          "possible_values": []
        },
        "leave at": {
          "description": "leaving time of taxi",
          "is_categorical": false,
          "possible_values": []
        },
        "arrive by": {
          "description": "arrival time of taxi",
          "is_categorical": false,
          "possible_values": []
        },
        "phone": {
          "description": "phone number of the taxi",
          "is_categorical": false,
          "possible_values": []
        },
        "type": {
          "description": "car type of the taxi",
          "is_categorical": false,
          "possible_values": []
        }
      }
    },
    "restaurant": {
      "description": "find and book a restaurant",
      "slots": {
        "price range": {
          "description": "price budget for the restaurant",
          "is_categorical": true,
          "possible_values": [
            "cheap",
            "expensive",
            "moderate"
          ]
        },
        "area": {
          "description": "area or place of the restaurant",
          "is_categorical": true,
          "possible_values": [
            "centre",
            "east",
            "north",
            "south",
            "west"
          ]
        },
        "food": {
          "description": "the cuisine of the restaurant",
          "is_categorical": false,
          "possible_values": []
        },
        "name": {
          "description": "name of the restaurant",
          "is_categorical": false,
          "possible_values": []
        },
        "address": {
          "description": "address of the restaurant",
          "is_categorical": false,
          "possible_values": []
        },
        "postcode": {
          "description": "postcode of the restaurant",
          "is_categorical": false,
          "possible_values": []
        },
        "phone": {
          "description": "phone number of the restaurant",
          "is_categorical": false,
          "possible_values": []
        },
        "book people": {
          "description": "number of people for the restaurant booking",
          "is_categorical": false,
          "possible_values": []
        },
        "book time": {
          "description": "time of the restaurant booking",
          "is_categorical": false,
          "possible_values": []
        },
        "book day": {
          "description": "day of the restaurant booking",
          "is_categorical": true,
          "possible_values": [
            "monday",
            "tuesday",
            "wednesday",
            "thursday",
            "friday",
            "saturday",
            "sunday"
          ]
        },
        "ref": {
          "description": "reference number of the restaurant booking",
          "is_categorical": false,
          "possible_values": []
        },
        "choice": {
          "description": "number of restaurants that meet the requirement",
          "is_categorical": false,
          "possible_values": []
        }
      }
    },
    "train": {
      "description": "find a train to travel",
      "slots": {
        "destination": {
          "description": "destination of the train",
          "is_categorical": false,
          "possible_values": []
        },
        "arrive by": {
          "description": "arrival time of the train",
          "is_categorical": false,
          "possible_values": []
        },
        "departure": {
          "description": "departure location of the train",
          "is_categorical": false,
          "possible_values": []
        },
        "leave at": {
          "description": "leaving time for the train",
          "is_categorical": false,
          "possible_values": []
        },
        "duration": {
          "description": "duration of the travel",
          "is_categorical": false,
          "possible_values": []
        },
        "book people": {
          "description": "number of people booking for train",
          "is_categorical": false,
          "possible_values": []
        },
        "day": {
          "description": "day of the train",
          "is_categorical": true,
          "possible_values": [
            "monday",
            "tuesday",
            "wednesday",
            "thursday",
            "friday",
            "saturday",
            "sunday"
          ]
        },
        "ref": {
          "description": "reference number of the train booking",
          "is_categorical": false,
          "possible_values": []
        },
        "price": {
          "description": "price of the train ticket",
          "is_categorical": false,
          "possible_values": []
        },
        "train id": {
          "description": "id of the train",
          "is_categorical": false
        },
        "choice": {
          "description": "number of trains that meet the requirement",
          "is_categorical": false,
          "possible_values": []
        }
      }
    },
    "police": {
      "description": "find a police station for help",
      "slots": {
        "name": {
          "description": "name of the police station",
          "is_categorical": false,
          "possible_values": []
        },
        "address": {
          "description": "address of the police station",
          "is_categorical": false,
          "possible_values": []
        },
        "postcode": {
          "description": "postcode of the police station",
          "is_categorical": false,
          "possible_values": []
        },
        "phone": {
          "description": "phone number of the police station",
          "is_categorical": false,
          "possible_values": []
        }
      }
    },
    "hospital": {
      "description": "find a hospital for help",
      "slots": {
        "department": {
          "description": "specific department of the hospital",
          "is_categorical": false,
          "possible_values": []
        },
        "address": {
          "description": "address of the hospital",
          "is_categorical": false,
          "possible_values": []
        },
        "phone": {
          "description": "phone number of the hospital",
          "is_categorical": false,
          "possible_values": []
        },
        "postcode": {
          "description": "postcode of the hospital",
          "is_categorical": false,
          "possible_values": []
        }
      }
    },
    "booking": {
      "description": "booking for taxi, restaurant, hotel, train, etc.",
      "slots": {
        "day": {
          "description": "day of the booking",
          "is_categorical": true,
          "possible_values": [
            "monday",
            "tuesday",
            "wednesday",
            "thursday",
            "friday",
            "saturday",
            "sunday"
          ]
        },
        "time": {
          "description": "time of the booking",
          "is_categorical": false,
          "possible_values": []
        },
        "book people": {
          "description": "number of people for the booking",
          "is_categorical": false,
          "possible_values": []
        },
        "book stay": {
          "description": "length of stay at the hotel",
          "is_categorical": false,
          "possible_values": []
        },
        "name": {
          "description": "name of the booked entity",
          "is_categorical": false,
          "possible_values": []
        },
        "ref": {
          "description": "reference number of the booking",
          "is_categorical": false,
          "possible_values": []
        }
      }
    },
    "general": {
      "description": "general domain without slots",
      "slots": {}
    }
  },
  "intents": {
    "inform": {
      "description": "inform the value of a slot"
    },
    "request": {
      "description": "ask for the value of a slot"
    },
    "nobook": {
      "description": "inform the user that the booking is failed"
    },
    "reqmore": {
      "description": "ask the user for more instructions"
    },
    "book": {
      "description": "book something for the user"
    },
    "bye": {
      "description": "say goodbye to the user and end the conversation"
    },
    "thank": {
      "description": "thanks for the help"
    },
    "welcome": {
      "description": "you're welcome"
    },
    "greet": {
      "description": "express greeting"
    },
    "recommend": {
      "description": "recommend a choice to the user"
    },
    "select": {
      "description": "provide several choices for the user"
    },
    "offerbook": {
      "description": "ask the user if he or she needs booking"
    },
    "offerbooked": {
      "description": "provide information about the booking"
    },
    "nooffer": {
      "description": "inform the user that there is no result satisfies user requirements"
    }
  },
  "binary_dialogue_acts": [
    {
      "intent": "select",
      "domain": "restaurant",
      "slot": "",
      "value": ""
    },
    {
      "intent": "request",
      "domain": "attraction",
      "slot": "type",
      "value": ""
    },
    {
      "intent": "request",
      "domain": "train",
      "slot": "book people",
      "value": ""
    },
    {
      "intent": "inform",
      "domain": "hotel",
      "slot": "",
      "value": ""
    },
    {
      "intent": "inform",
      "domain": "train",
      "slot": "",
      "value": ""
    },
    {
      "intent": "inform",
      "domain": "attraction",
      "slot": "entrance fee",
      "value": ""
    },
    {
      "intent": "select",
      "domain": "hotel",
      "slot": "parking",
      "value": ""
    },
    {
      "intent": "request",
      "domain": "restaurant",
      "slot": "price range",
      "value": ""
    },
    {
      "intent": "nooffer",
      "domain": "attraction",
      "slot": "",
      "value": ""
    },
    {
      "intent": "select",
      "domain": "hotel",
      "slot": "internet",
      "value": ""
    },
    {
      "intent": "request",
      "domain": "hotel",
      "slot": "parking",
      "value": ""
    },
    {
      "intent": "request",
      "domain": "taxi",
      "slot": "leave at",
      "value": ""
    },
    {
      "intent": "thank",
      "domain": "general",
      "slot": "",
      "value": ""
    },
    {
      "intent": "request",
      "domain": "restaurant",
      "slot": "area",
      "value": ""
    },
    {
      "intent": "request",
      "domain": "booking",
      "slot": "time",
      "value": ""
    },
    {
      "intent": "request",
      "domain": "hotel",
      "slot": "postcode",
      "value": ""
    },
    {
      "intent": "request",
      "domain": "train",
      "slot": "destination",
      "value": ""
    },
    {
      "intent": "inform",
      "domain": "booking",
      "slot": "",
      "value": ""
    },
    {
      "intent": "nooffer",
      "domain": "attraction",
      "slot": "choice",
      "value": ""
    },
    {
      "intent": "select",
      "domain": "hotel",
      "slot": "",
      "value": ""
    },
    {
      "intent": "offerbooked",
      "domain": "train",
      "slot": "",
      "value": ""
    },
    {
      "intent": "request",
      "domain": "hospital",
      "slot": "phone",
      "value": ""
    },
    {
      "intent": "request",
      "domain": "attraction",
      "slot": "name",
      "value": ""
    },
    {
      "intent": "nooffer",
      "domain": "hotel",
      "slot": "internet",
      "value": ""
    },
    {
      "intent": "request",
      "domain": "hotel",
      "slot": "stars",
      "value": ""
    },
    {
      "intent": "request",
      "domain": "train",
      "slot": "train id",
      "value": ""
    },
    {
      "intent": "request",
      "domain": "taxi",
      "slot": "destination",
      "value": ""
    },
    {
      "intent": "inform",
      "domain": "hotel",
      "slot": "internet",
      "value": ""
    },
    {
      "intent": "request",
      "domain": "train",
      "slot": "leave at",
      "value": ""
    },
    {
      "intent": "request",
      "domain": "restaurant",
      "slot": "phone",
      "value": ""
    },
    {
      "intent": "request",
      "domain": "train",
      "slot": "departure",
      "value": ""
    },
    {
      "intent": "request",
      "domain": "hotel",
      "slot": "ref",
      "value": ""
    },
    {
      "intent": "inform",
      "domain": "hotel",
      "slot": "parking",
      "value": ""
    },
    {
      "intent": "request",
      "domain": "attraction",
      "slot": "postcode",
      "value": ""
    },
    {
      "intent": "request",
      "domain": "booking",
      "slot": "book stay",
      "value": ""
    },
    {
      "intent": "inform",
      "domain": "restaurant",
      "slot": "",
      "value": ""
    },
    {
      "intent": "nooffer",
      "domain": "restaurant",
      "slot": "choice",
      "value": ""
    },
    {
      "intent": "request",
      "domain": "restaurant",
      "slot": "food",
      "value": ""
    },
    {
      "intent": "request",
      "domain": "hotel",
      "slot": "area",
      "value": ""
    },
    {
      "intent": "request",
      "domain": "hotel",
      "slot": "type",
      "value": ""
    },
    {
      "intent": "request",
      "domain": "attraction",
      "slot": "address",
      "value": ""
    },
    {
      "intent": "inform",
      "domain": "hotel",
      "slot": "choice",
      "value": ""
    },
    {
      "intent": "request",
      "domain": "taxi",
      "slot": "phone",
      "value": ""
    },
    {
      "intent": "request",
      "domain": "hotel",
      "slot": "address",
      "value": ""
    },
    {
      "intent": "recommend",
      "domain": "attraction",
      "slot": "",
      "value": ""
    },
    {
      "intent": "request",
      "domain": "train",
      "slot": "arrive by",
      "value": ""
    },
    {
      "intent": "request",
      "domain": "police",
      "slot": "postcode",
      "value": ""
    },
    {
      "intent": "inform",
      "domain": "hospital",
      "slot": "",
      "value": ""
    },
    {
      "intent": "offerbook",
      "domain": "train",
      "slot": "",
      "value": ""
    },
    {
      "intent": "book",
      "domain": "booking",
      "slot": "",
      "value": ""
    },
    {
      "intent": "reqmore",
      "domain": "general",
      "slot": "",
      "value": ""
    },
    {
      "intent": "bye",
      "domain": "general",
      "slot": "",
      "value": ""
    },
    {
      "intent": "request",
      "domain": "police",
      "slot": "address",
      "value": ""
    },
    {
      "intent": "nooffer",
      "domain": "hotel",
      "slot": "",
      "value": ""
    },
    {
      "intent": "request",
      "domain": "train",
      "slot": "price",
      "value": ""
    },
    {
      "intent": "request",
      "domain": "hotel",
      "slot": "name",
      "value": ""
    },
    {
      "intent": "request",
      "domain": "attraction",
      "slot": "area",
      "value": ""
    },
    {
      "intent": "request",
      "domain": "hospital",
      "slot": "address",
      "value": ""
    },
    {
      "intent": "request",
      "domain": "taxi",
      "slot": "arrive by",
      "value": ""
    },
    {
      "intent": "request",
      "domain": "hospital",
      "slot": "department",
      "value": ""
    },
    {
      "intent": "request",
      "domain": "train",
      "slot": "ref",
      "value": ""
    },
    {
      "intent": "nobook",
      "domain": "booking",
      "slot": "",
      "value": ""
    },
    {
      "intent": "recommend",
      "domain": "hotel",
      "slot": "internet",
      "value": ""
    },
    {
      "intent": "greet",
      "domain": "general",
      "slot": "",
      "value": ""
    },
    {
      "intent": "request",
      "domain": "restaurant",
      "slot": "postcode",
      "value": ""
    },
    {
      "intent": "recommend",
      "domain": "hotel",
      "slot": "parking",
      "value": ""
    },
    {
      "intent": "nooffer",
      "domain": "train",
      "slot": "",
      "value": ""
    },
    {
      "intent": "inform",
      "domain": "attraction",
      "slot": "",
      "value": ""
    },
    {
      "intent": "welcome",
      "domain": "general",
      "slot": "",
      "value": ""
    },
    {
      "intent": "recommend",
      "domain": "hotel",
      "slot": "",
      "value": ""
    },
    {
      "intent": "inform",
      "domain": "taxi",
      "slot": "",
      "value": ""
    },
    {
      "intent": "request",
      "domain": "restaurant",
      "slot": "address",
      "value": ""
    },
    {
      "intent": "inform",
      "domain": "police",
      "slot": "",
      "value": ""
    },
    {
      "intent": "request",
      "domain": "taxi",
      "slot": "type",
      "value": ""
    },
    {
      "intent": "recommend",
      "domain": "restaurant",
      "slot": "",
      "value": ""
    },
    {
      "intent": "nooffer",
      "domain": "hotel",
      "slot": "parking",
      "value": ""
    },
    {
      "intent": "request",
      "domain": "restaurant",
      "slot": "ref",
      "value": ""
    },
    {
      "intent": "nooffer",
      "domain": "restaurant",
      "slot": "",
      "value": ""
    },
    {
      "intent": "request",
      "domain": "hospital",
      "slot": "postcode",
      "value": ""
    },
    {
      "intent": "request",
      "domain": "restaurant",
      "slot": "name",
      "value": ""
    },
    {
      "intent": "request",
      "domain": "hotel",
      "slot": "phone",
      "value": ""
    },
    {
      "intent": "request",
      "domain": "attraction",
      "slot": "entrance fee",
      "value": ""
    },
    {
      "intent": "request",
      "domain": "hotel",
      "slot": "price range",
      "value": ""
    },
    {
      "intent": "select",
      "domain": "attraction",
      "slot": "",
      "value": ""
    },
    {
      "intent": "request",
      "domain": "police",
      "slot": "phone",
      "value": ""
    },
    {
      "intent": "nooffer",
      "domain": "hotel",
      "slot": "choice",
      "value": ""
    },
    {
      "intent": "request",
      "domain": "taxi",
      "slot": "departure",
      "value": ""
    },
    {
      "intent": "request",
      "domain": "train",
      "slot": "duration",
      "value": ""
    },
    {
      "intent": "request",
      "domain": "hotel",
      "slot": "internet",
      "value": ""
    },
    {
      "intent": "request",
      "domain": "booking",
      "slot": "book people",
      "value": ""
    },
    {
      "intent": "select",
      "domain": "train",
      "slot": "",
      "value": ""
    },
    {
      "intent": "inform",
      "domain": "attraction",
      "slot": "choice",
      "value": ""
    },
    {
      "intent": "request",
      "domain": "train",
      "slot": "day",
      "value": ""
    },
    {
      "intent": "request",
      "domain": "booking",
      "slot": "day",
      "value": ""
    },
    {
      "intent": "request",
      "domain": "attraction",
      "slot": "phone",
      "value": ""
    }
  ],
  "state": {
    "attraction": {
      "type": "",
      "name": "",
      "area": ""
    },
    "hotel": {
      "name": "",
      "area": "",
      "parking": "",
      "price range": "",
      "stars": "",
      "internet": "",
      "type": "",
      "book stay": "",
      "book day": "",
      "book people": ""
    },
    "restaurant": {
      "food": "",
      "price range": "",
      "name": "",
      "area": "",
      "book time": "",
      "book day": "",
      "book people": ""
    },
    "taxi": {
      "leave at": "",
      "destination": "",
      "departure": "",
      "arrive by": ""
    },
    "train": {
      "leave at": "",
      "destination": "",
      "day": "",
      "arrive by": "",
      "departure": "",
      "book people": ""
    }
  }
}