[
  {
    "poi": "Chef Chu's",
    "address": "593 Arrowhead Way",
    "poi_type": "chinese restaurant"
  },
  {
    "poi": "Coupa",
    "address": "394 Van Ness Ave",
    "poi_type": "coffee or tea place"
  },
  {
    "poi": "Trader Joes",
    "address": "408 University Ave",
    "poi_type": "grocery store"
  },
  {
    "poi": "Round Table",
    "address": "113 Anton Ct",
    "poi_type": "pizza restaurant"
  },
  {
    "poi": "Hacienda Market",
    "address": "1313 Chester Ave",
    "poi_type": "grocery store"
  },
  {
    "poi": "Four Seasons",
    "address": "465 Arcadia Pl",
    "poi_type": "rest stop"
  },
  {
    "poi": "tai pan",
    "address": "830 Almanor Ln",
    "poi_type": "chinese restaurant"
  },
  {
    "poi": "Stanford Shopping Center",
    "address": "773 Alger Dr",
    "poi_type": "shopping center"
  },
  {
    "poi": "Shell",
    "address": "53 University Av",
    "poi_type": "gas station"
  },
  {
    "poi": "The Clement Hotel",
    "address": "657 Ames Ave",
    "poi_type": "rest stop"
  },
  {
    "poi": "Starbucks",
    "address": "792 Bedoin Street",
    "poi_type": "coffee or tea place"
  },
  {
    "poi": "The Westin",
    "address": "329 El Camino Real",
    "poi_type": "rest stop"
  },
  {
    "poi": "Town and Country",
    "address": "383 University Ave",
    "poi_type": "shopping center"
  },
  {
    "poi": "Safeway",
    "address": "452 Arcadia Pl",
    "poi_type": "grocery store"
  },
  {
    "poi": "Topanga Mall",
    "address": "171 Oak Rd",
    "poi_type": "shopping center"
  },
  {
    "poi": "Panda Express",
    "address": "842 Arrowhead Way",
    "poi_type": "chinese restaurant"
  },
  {
    "poi": "Pizza Hut",
    "address": "704 El Camino Real",
    "poi_type": "pizza restaurant"
  },
  {
    "poi": "Stanford Childrens Health",
    "address": "899 Ames Ct",
    "poi_type": "hospital"
  },
  {
    "poi": "5677 southwest 4th street",
    "address": "5677 southwest 4th street",
    "poi_type": "certain address"
  },
  {
    "poi": "5672 barringer street",
    "address": "5672 barringer street",
    "poi_type": "certain address"
  },
  {
    "poi": "Stanford Express Care",
    "address": "214 El Camino Real",
    "poi_type": "hospital"
  },
  {
    "poi": "Sigona Farmers Market",
    "address": "638 Amherst St",
    "poi_type": "grocery store"
  },
  {
    "poi": "Palo Alto Medical Foundation",
    "address": "611 Ames Ave",
    "poi_type": "hospital"
  },
  {
    "poi": "Ravenswood Shopping Center",
    "address": "434 Arastradero Rd",
    "poi_type": "shopping center"
  },
  {
    "poi": "Midtown Shopping Center",
    "address": "338 Alester Ave",
    "poi_type": "shopping center"
  },
  {
    "poi": "Mandarin Roots",
    "address": "271 Springer Street",
    "poi_type": "chinese restaurant"
  },
  {
    "poi": "Comfort Inn",
    "address": "753 University Ave",
    "poi_type": "rest stop"
  },
  {
    "poi": "P.F. Changs",
    "address": "669 El Camino Real",
    "poi_type": "chinese restaurant"
  },
  {
    "poi": "Pizza Chicago",
    "address": "915 Arbol Dr",
    "poi_type": "pizza restaurant"
  },
  {
    "poi": "Travelers Lodge",
    "address": "333 Arbol Dr",
    "poi_type": "rest stop"
  },
  {
    "poi": "Palo Alto Cafe",
    "address": "436 Alger Dr",
    "poi_type": "coffee or tea place"
  },
  {
    "poi": "5677 springer street",
    "address": "5677 springer street",
    "poi_type": "certain address"
  },
  {
    "poi": "Jing Jing",
    "address": "113 Arbol Dr",
    "poi_type": "chinese restaurant"
  },
  {
    "poi": "Willows Market",
    "address": "409 Bollard St",
    "poi_type": "grocery store"
  },
  {
    "poi": "Dominos",
    "address": "776 Arastradero Rd",
    "poi_type": "pizza restaurant"
  },
  {
    "poi": "Cafe Venetia",
    "address": "269 Alger Dr",
    "poi_type": "coffee or tea place"
  },
  {
    "poi": "Papa Johns",
    "address": "110 Arastradero Rd",
    "poi_type": "pizza restaurant"
  },
  {
    "poi": "Dish Parking",
    "address": "550 Alester Ave",
    "poi_type": "parking garage"
  },
  {
    "poi": "Hotel Keen",
    "address": "578 Arbol Dr",
    "poi_type": "rest stop"
  },
  {
    "poi": "Peets Coffee",
    "address": "9981 Archuleta Ave",
    "poi_type": "coffee or tea place"
  },
  {
    "poi": "Valero",
    "address": "200 Alester Ave",
    "poi_type": "gas station"
  },
  {
    "poi": "Whole Foods",
    "address": "819 Alma St",
    "poi_type": "grocery store"
  },
  {
    "poi": "76",
    "address": "91 El Camino Real",
    "poi_type": "gas station"
  },
  {
    "poi": "Philz",
    "address": "583 Alester Ave",
    "poi_type": "coffee or tea place"
  },
  {
    "poi": "Civic Center Garage",
    "address": "270 Altaire Walk",
    "poi_type": "parking garage"
  },
  {
    "poi": "Stanford Oval Parking",
    "address": "610 Amarillo Ave",
    "poi_type": "parking garage"
  },
  {
    "poi": "jills house",
    "address": "347 Alta Mesa Ave",
    "poi_type": "friends house"
  },
  {
    "poi": "Webster Garage",
    "address": "880 Ames Ct",
    "poi_type": "parking garage"
  },
  {
    "poi": "jacks house",
    "address": "864 Almanor Ln",
    "poi_type": "friends house"
  },
  {
    "poi": "home_2",
    "address": "56 cadwell street",
    "poi_type": "home"
  },
  {
    "poi": "home_3",
    "address": "5671 barringer street",
    "poi_type": "home"
  },
  {
    "poi": "Pizza My Heart",
    "address": "528 Anton Ct",
    "poi_type": "pizza restaurant"
  },
  {
    "poi": "home_1",
    "address": "10 ames street",
    "poi_type": "home"
  },
  {
    "poi": "toms house",
    "address": "580 Van Ness Ave",
    "poi_type": "friends house"
  },
  {
    "poi": "Palo Alto Garage R",
    "address": "481 Amaranta Ave",
    "poi_type": "parking garage"
  },
  {
    "poi": "Chevron",
    "address": "783 Arcadia Pl",
    "poi_type": "gas station"
  },
  {
    "poi": "Teavana",
    "address": "145 Amherst St",
    "poi_type": "coffee or tea place"
  }
]