{
  "domains": {
    "schedule": {
      "description": "",
      "slots": {
        "event": {
          "description": "",
          "is_categorical": false,
          "possible_values": [
            "conference",
            "dentist appointment",
            "dinner",
            "doctor appointment",
            "football activity",
            "lab appointment",
            "meeting",
            "optometrist appointment",
            "swimming activity",
            "taking medicine",
            "tennis activity",
            "yoga activity"
          ]
        },
        "time": {
          "description": "",
          "is_categorical": false,
          "possible_values": [
            "10am",
            "11am",
            "1pm",
            "2pm",
            "3pm",
            "4pm",
            "5pm",
            "6pm",
            "7pm",
            "8pm",
            "9am"
          ]
        },
        "date": {
          "description": "",
          "is_categorical": false,
          "possible_values": [
            "friday",
            "monday",
            "saturday",
            "sunday",
            "the 10th",
            "the 11th",
            "the 12th",
            "the 13th",
            "the 14th",
            "the 15th",
            "the 16th",
            "the 17th",
            "the 18th",
            "the 19th",
            "the 1st",
            "the 20th",
            "the 2nd",
            "the 3rd",
            "the 4th",
            "the 5th",
            "the 6th",
            "the 7th",
            "the 8th",
            "the 9th",
            "thursday",
            "tuesday",
            "wednesday"
          ]
        },
        "party": {
          "description": "",
          "is_categorical": false,
          "possible_values": [
            "Alex",
            "Ana",
            "HR",
            "Jeff",
            "Jon",
            "Marie",
            "Martha",
            "Tom",
            "aunt",
            "boss",
            "brother",
            "executive team",
            "father",
            "infrastructure team",
            "management",
            "mother",
            "sales team",
            "sister",
            "vice president"
          ]
        },
        "room": {
          "description": "",
          "is_categorical": false,
          "possible_values": [
            "conference room 100",
            "conference room 102",
            "conference room 50"
          ]
        },
        "agenda": {
          "description": "",
          "is_categorical": false,
          "possible_values": [
            "discuss dress code",
            "discuss the company picnic",
            "discuss the merger",
            "go over budget",
            "go over quarterly report",
            "onboard new members",
            "sign the NDA"
          ]
        }
      }
    },
    "weather": {
      "description": "",
      "slots": {
        "location": {
          "description": "",
          "is_categorical": false,
          "possible_values": [
            "alameda",
            "alhambra",
            "atherton",
            "boston",
            "brentwood",
            "camarillo",
            "carson",
            "cleveland",
            "compton",
            "corona",
            "danville",
            "downtown chicago",
            "durham",
            "exeter",
            "fresno",
            "grand rapids",
            "inglewood",
            "los angeles",
            "manhattan",
            "menlo park",
            "mountain view",
            "new york",
            "oakland",
            "redwood city",
            "san francisco",
            "san jose",
            "san mateo",
            "seattle"
          ]
        },
        "date": {
          "description": "",
          "is_categorical": false,
          "possible_values": [
            "next few days",
            "next week",
            "today",
            "tomorrow",
            "two day",
            "week",
            "weekend"
          ]
        },
        "temperature": {
          "description": "",
          "is_categorical": false,
          "possible_values": [
            "100F",
            "20F",
            "30F",
            "40F",
            "50F",
            "60F",
            "70F",
            "80F",
            "90F"
          ]
        },
        "weather_attribute": {
          "description": "",
          "is_categorical": false,
          "possible_values": [
            "blizzard",
            "clear skies",
            "cloudy",
            "cold",
            "dew",
            "drizzle",
            "dry",
            "foggy",
            "frost",
            "hail",
            "highest temperature",
            "hot",
            "humid",
            "lowest temperature",
            "misty",
            "overcast",
            "rain",
            "snow",
            "stormy",
            "warm",
            "windy"
          ]
        }
      }
    },
    "navigate": {
      "description": "",
      "slots": {
        "traffic_info": {
          "description": "",
          "is_categorical": false,
          "possible_values": [
            "car collision nearby",
            "heavy traffic",
            "moderate traffic",
            "no traffic",
            "road block nearby"
          ]
        },
        "poi_type": {
          "description": "",
          "is_categorical": false,
          "possible_values": [
            "certain address",
            "chinese restaurant",
            "coffee or tea place",
            "friends house",
            "gas station",
            "grocery store",
            "home",
            "hospital",
            "parking garage",
            "pizza restaurant",
            "rest stop",
            "shopping center"
          ]
        },
        "poi": {
          "description": "",
          "is_categorical": false,
          "possible_values": [
            "5672 barringer street",
            "5677 southwest 4th street",
            "5677 springer street",
            "76",
            "Cafe Venetia",
            "Chef Chu's",
            "Chevron",
            "Civic Center Garage",
            "Comfort Inn",
            "Coupa",
            "Dish Parking",
            "Dominos",
            "Four Seasons",
            "Hacienda Market",
            "Hotel Keen",
            "Jing Jing",
            "Mandarin Roots",
            "Midtown Shopping Center",
            "P.F. Changs",
            "Palo Alto Cafe",
            "Palo Alto Garage R",
            "Palo Alto Medical Foundation",
            "Panda Express",
            "Papa Johns",
            "Peets Coffee",
            "Philz",
            "Pizza Chicago",
            "Pizza Hut",
            "Pizza My Heart",
            "Ravenswood Shopping Center",
            "Round Table",
            "Safeway",
            "Shell",
            "Sigona Farmers Market",
            "Stanford Childrens Health",
            "Stanford Express Care",
            "Stanford Oval Parking",
            "Stanford Shopping Center",
            "Starbucks",
            "Teavana",
            "The Clement Hotel",
            "The Westin",
            "Topanga Mall",
            "Town and Country",
            "Trader Joes",
            "Travelers Lodge",
            "Valero",
            "Webster Garage",
            "Whole Foods",
            "Willows Market",
            "home_1",
            "home_2",
            "home_3",
            "jacks house",
            "jills house",
            "tai pan",
            "toms house"
          ]
        },
        "address": {
          "description": "",
          "is_categorical": false,
          "possible_values": [
            "10 ames street",
            "110 Arastradero Rd",
            "113 Anton Ct",
            "113 Arbol Dr",
            "1313 Chester Ave",
            "145 Amherst St",
            "171 Oak Rd",
            "200 Alester Ave",
            "214 El Camino Real",
            "269 Alger Dr",
            "270 Altaire Walk",
            "271 Springer Street",
            "329 El Camino Real",
            "333 Arbol Dr",
            "338 Alester Ave",
            "347 Alta Mesa Ave",
            "383 University Ave",
            "394 Van Ness Ave",
            "408 University Ave",
            "409 Bollard St",
            "434 Arastradero Rd",
            "436 Alger Dr",
            "452 Arcadia Pl",
            "465 Arcadia Pl",
            "481 Amaranta Ave",
            "528 Anton Ct",
            "53 University Av",
            "550 Alester Ave",
            "56 cadwell street",
            "5671 barringer street",
            "5672 barringer street",
            "5677 southwest 4th street",
            "5677 springer street",
            "578 Arbol Dr",
            "580 Van Ness Ave",
            "583 Alester Ave",
            "593 Arrowhead Way",
            "610 Amarillo Ave",
            "611 Ames Ave",
            "638 Amherst St",
            "657 Ames Ave",
            "669 El Camino Real",
            "704 El Camino Real",
            "753 University Ave",
            "773 Alger Dr",
            "776 Arastradero Rd",
            "783 Arcadia Pl",
            "792 Bedoin Street",
            "819 Alma St",
            "830 Almanor Ln",
            "842 Arrowhead Way",
            "864 Almanor Ln",
            "880 Ames Ct",
            "899 Ames Ct",
            "91 El Camino Real",
            "915 Arbol Dr",
            "9981 Archuleta Ave"
          ]
        },
        "distance": {
          "description": "",
          "is_categorical": false,
          "possible_values": [
            "1 miles",
            "2 miles",
            "3 miles",
            "4 miles",
            "5 miles",
            "6 miles",
            "7 miles",
            "8 miles",
            "9 miles"
          ]
        }
      }
    }
  },
  "intents": {
    "inform": {
      "description": ""
    },
    "request": {
      "description": ""
    }
  },
  "state": {
    "navigate": {
      "distance": "",
      "poi_type": "",
      "traffic_info": "",
      "poi": "",
      "address": ""
    },
    "schedule": {
      "date": "",
      "party": "",
      "event": "",
      "time": "",
      "room": "",
      "agenda": ""
    },
    "weather": {
      "location": "",
      "weather_attribute": "",
      "date": ""
    }
  },
  "dialogue_acts": {
    "categorical": [],
    "non-categorical": [
      "{'user': True, 'system': False, 'intent': 'inform', 'domain': 'navigate', 'slot': 'address'}",
      "{'user': True, 'system': False, 'intent': 'inform', 'domain': 'navigate', 'slot': 'distance'}",
      "{'user': True, 'system': False, 'intent': 'inform', 'domain': 'navigate', 'slot': 'poi'}",
      "{'user': True, 'system': False, 'intent': 'inform', 'domain': 'navigate', 'slot': 'poi_type'}",
      "{'user': True, 'system': False, 'intent': 'inform', 'domain': 'navigate', 'slot': 'traffic_info'}",
      "{'user': True, 'system': False, 'intent': 'inform', 'domain': 'schedule', 'slot': 'agenda'}",
      "{'user': True, 'system': False, 'intent': 'inform', 'domain': 'schedule', 'slot': 'date'}",
      "{'user': True, 'system': False, 'intent': 'inform', 'domain': 'schedule', 'slot': 'event'}",
      "{'user': True, 'system': False, 'intent': 'inform', 'domain': 'schedule', 'slot': 'party'}",
      "{'user': True, 'system': False, 'intent': 'inform', 'domain': 'schedule', 'slot': 'room'}",
      "{'user': True, 'system': False, 'intent': 'inform', 'domain': 'schedule', 'slot': 'time'}",
      "{'user': True, 'system': False, 'intent': 'inform', 'domain': 'weather', 'slot': 'date'}",
      "{'user': True, 'system': False, 'intent': 'inform', 'domain': 'weather', 'slot': 'location'}",
      "{'user': True, 'system': False, 'intent': 'inform', 'domain': 'weather', 'slot': 'weather_attribute'}"
    ],
    "binary": [
      "{'user': True, 'system': False, 'intent': 'request', 'domain': 'navigate', 'slot': 'address'}",
      "{'user': True, 'system': False, 'intent': 'request', 'domain': 'navigate', 'slot': 'distance'}",
      "{'user': True, 'system': False, 'intent': 'request', 'domain': 'navigate', 'slot': 'poi'}",
      "{'user': True, 'system': False, 'intent': 'request', 'domain': 'navigate', 'slot': 'poi_type'}",
      "{'user': True, 'system': False, 'intent': 'request', 'domain': 'navigate', 'slot': 'traffic_info'}",
      "{'user': True, 'system': False, 'intent': 'request', 'domain': 'schedule', 'slot': 'agenda'}",
      "{'user': True, 'system': False, 'intent': 'request', 'domain': 'schedule', 'slot': 'date'}",
      "{'user': True, 'system': False, 'intent': 'request', 'domain': 'schedule', 'slot': 'event'}",
      "{'user': True, 'system': False, 'intent': 'request', 'domain': 'schedule', 'slot': 'party'}",
      "{'user': True, 'system': False, 'intent': 'request', 'domain': 'schedule', 'slot': 'room'}",
      "{'user': True, 'system': False, 'intent': 'request', 'domain': 'schedule', 'slot': 'time'}",
      "{'user': True, 'system': False, 'intent': 'request', 'domain': 'weather', 'slot': 'date'}",
      "{'user': True, 'system': False, 'intent': 'request', 'domain': 'weather', 'slot': 'location'}",
      "{'user': True, 'system': False, 'intent': 'request', 'domain': 'weather', 'slot': 'weather_attribute'}"
    ]
  }
}