{
  "domains": {
    "Ordinary Life": {
      "description": "",
      "slots": {}
    },
    "School Life": {
      "description": "",
      "slots": {}
    },
    "Culture & Education": {
      "description": "",
      "slots": {}
    },
    "Attitude & Emotion": {
      "description": "",
      "slots": {}
    },
    "Relationship": {
      "description": "",
      "slots": {}
    },
    "Tourism": {
      "description": "",
      "slots": {}
    },
    "Health": {
      "description": "",
      "slots": {}
    },
    "Work": {
      "description": "",
      "slots": {}
    },
    "Politics": {
      "description": "",
      "slots": {}
    },
    "Finance": {
      "description": "",
      "slots": {}
    }
  },
  "intents": {
    "inform": {
      "description": ""
    },
    "question": {
      "description": ""
    },
    "directive": {
      "description": ""
    },
    "commissive": {
      "description": ""
    }
  },
  "state": {},
  "dialogue_acts": {
    "categorical": [],
    "non-categorical": [],
    "binary": [
      "{'user': True, 'system': True, 'intent': 'commissive', 'domain': 'Attitude & Emotion', 'slot': ''}",
      "{'user': True, 'system': True, 'intent': 'commissive', 'domain': 'Culture & Education', 'slot': ''}",
      "{'user': True, 'system': True, 'intent': 'commissive', 'domain': 'Finance', 'slot': ''}",
      "{'user': True, 'system': True, 'intent': 'commissive', 'domain': 'Health', 'slot': ''}",
      "{'user': True, 'system': True, 'intent': 'commissive', 'domain': 'Ordinary Life', 'slot': ''}",
      "{'user': True, 'system': True, 'intent': 'commissive', 'domain': 'Politics', 'slot': ''}",
      "{'user': True, 'system': True, 'intent': 'commissive', 'domain': 'Relationship', 'slot': ''}",
      "{'user': True, 'system': True, 'intent': 'commissive', 'domain': 'School Life', 'slot': ''}",
      "{'user': True, 'system': True, 'intent': 'commissive', 'domain': 'Tourism', 'slot': ''}",
      "{'user': True, 'system': True, 'intent': 'commissive', 'domain': 'Work', 'slot': ''}",
      "{'user': True, 'system': True, 'intent': 'directive', 'domain': 'Attitude & Emotion', 'slot': ''}",
      "{'user': True, 'system': True, 'intent': 'directive', 'domain': 'Culture & Education', 'slot': ''}",
      "{'user': True, 'system': True, 'intent': 'directive', 'domain': 'Finance', 'slot': ''}",
      "{'user': True, 'system': True, 'intent': 'directive', 'domain': 'Health', 'slot': ''}",
      "{'user': True, 'system': True, 'intent': 'directive', 'domain': 'Ordinary Life', 'slot': ''}",
      "{'user': True, 'system': True, 'intent': 'directive', 'domain': 'Politics', 'slot': ''}",
      "{'user': True, 'system': True, 'intent': 'directive', 'domain': 'Relationship', 'slot': ''}",
      "{'user': True, 'system': True, 'intent': 'directive', 'domain': 'School Life', 'slot': ''}",
      "{'user': True, 'system': True, 'intent': 'directive', 'domain': 'Tourism', 'slot': ''}",
      "{'user': True, 'system': True, 'intent': 'directive', 'domain': 'Work', 'slot': ''}",
      "{'user': True, 'system': True, 'intent': 'inform', 'domain': 'Attitude & Emotion', 'slot': ''}",
      "{'user': True, 'system': True, 'intent': 'inform', 'domain': 'Culture & Education', 'slot': ''}",
      "{'user': True, 'system': True, 'intent': 'inform', 'domain': 'Finance', 'slot': ''}",
      "{'user': True, 'system': True, 'intent': 'inform', 'domain': 'Health', 'slot': ''}",
      "{'user': True, 'system': True, 'intent': 'inform', 'domain': 'Ordinary Life', 'slot': ''}",
      "{'user': True, 'system': True, 'intent': 'inform', 'domain': 'Politics', 'slot': ''}",
      "{'user': True, 'system': True, 'intent': 'inform', 'domain': 'Relationship', 'slot': ''}",
      "{'user': True, 'system': True, 'intent': 'inform', 'domain': 'School Life', 'slot': ''}",
      "{'user': True, 'system': True, 'intent': 'inform', 'domain': 'Tourism', 'slot': ''}",
      "{'user': True, 'system': True, 'intent': 'inform', 'domain': 'Work', 'slot': ''}",
      "{'user': True, 'system': True, 'intent': 'question', 'domain': 'Attitude & Emotion', 'slot': ''}",
      "{'user': True, 'system': True, 'intent': 'question', 'domain': 'Culture & Education', 'slot': ''}",
      "{'user': True, 'system': True, 'intent': 'question', 'domain': 'Finance', 'slot': ''}",
      "{'user': True, 'system': True, 'intent': 'question', 'domain': 'Health', 'slot': ''}",
      "{'user': True, 'system': True, 'intent': 'question', 'domain': 'Ordinary Life', 'slot': ''}",
      "{'user': True, 'system': True, 'intent': 'question', 'domain': 'Politics', 'slot': ''}",
      "{'user': True, 'system': True, 'intent': 'question', 'domain': 'Relationship', 'slot': ''}",
      "{'user': True, 'system': True, 'intent': 'question', 'domain': 'School Life', 'slot': ''}",
      "{'user': True, 'system': True, 'intent': 'question', 'domain': 'Tourism', 'slot': ''}",
      "{'user': True, 'system': True, 'intent': 'question', 'domain': 'Work', 'slot': ''}"
    ]
  }
}