{
  "domains": {
    "uber_lyft": {
      "description": "order a car for a ride inside a city",
      "slots": {
        "location.from": {
          "description": "pickup location",
          "is_categorical": false,
          "possible_values": []
        },
        "location.to": {
          "description": "destination of the ride",
          "is_categorical": false,
          "possible_values": []
        },
        "type.ride": {
          "description": "type of ride",
          "is_categorical": false,
          "possible_values": []
        },
        "num.people": {
          "description": "number of people",
          "is_categorical": false,
          "possible_values": []
        },
        "price.estimate": {
          "description": "estimated cost of the ride",
          "is_categorical": false,
          "possible_values": []
        },
        "duration.estimate": {
          "description": "estimated duration of the ride",
          "is_categorical": false,
          "possible_values": []
        },
        "time.pickup": {
          "description": "time of pickup",
          "is_categorical": false,
          "possible_values": []
        },
        "time.dropoff": {
          "description": "time of dropoff",
          "is_categorical": false,
          "possible_values": []
        }
      }
    },
    "movie_ticket": {
      "description": "book movie tickets for a film",
      "slots": {
        "name.movie": {
          "description": "name of the movie",
          "is_categorical": false,
          "possible_values": []
        },
        "name.theater": {
          "description": "name of the theater",
          "is_categorical": false,
          "possible_values": []
        },
        "num.tickets": {
          "description": "number of tickets",
          "is_categorical": false,
          "possible_values": []
        },
        "time.start": {
          "description": "start time of the movie",
          "is_categorical": false,
          "possible_values": []
        },
        "location.theater": {
          "description": "location of the theater",
          "is_categorical": false,
          "possible_values": []
        },
        "price.ticket": {
          "description": "price of the ticket",
          "is_categorical": false,
          "possible_values": []
        },
        "type.screening": {
          "description": "type of the screening",
          "is_categorical": false,
          "possible_values": []
        },
        "time.end": {
          "description": "end time of the movie",
          "is_categorical": false,
          "possible_values": []
        },
        "time.duration": {
          "description": "duration of the movie",
          "is_categorical": false,
          "possible_values": []
        }
      }
    },
    "restaurant_reservation": {
      "description": "searching for a restaurant and make reservation",
      "slots": {
        "name.restaurant": {
          "description": "name of the restaurant",
          "is_categorical": false,
          "possible_values": []
        },
        "name.reservation": {
          "description": "name of the person who make the reservation",
          "is_categorical": false,
          "possible_values": []
        },
        "num.guests": {
          "description": "number of guests",
          "is_categorical": false,
          "possible_values": []
        },
        "time.reservation": {
          "description": "time of the reservation",
          "is_categorical": false,
          "possible_values": []
        },
        "type.seating": {
          "description": "type of the seating",
          "is_categorical": false,
          "possible_values": []
        },
        "location.restaurant": {
          "description": "location of the restaurant",
          "is_categorical": false,
          "possible_values": []
        }
      }
    },
    "coffee_ordering": {
      "description": "order a coffee drink from either Starbucks or Peets for pick up",
      "slots": {
        "location.store": {
          "description": "location of the coffee store",
          "is_categorical": false,
          "possible_values": []
        },
        "name.drink": {
          "description": "name of the drink",
          "is_categorical": false,
          "possible_values": []
        },
        "size.drink": {
          "description": "size of the drink",
          "is_categorical": false,
          "possible_values": []
        },
        "num.drink": {
          "description": "number of drinks",
          "is_categorical": false,
          "possible_values": []
        },
        "type.milk": {
          "description": "type of the milk",
          "is_categorical": false,
          "possible_values": []
        },
        "preference": {
          "description": "user preference of the drink",
          "is_categorical": false,
          "possible_values": []
        }
      }
    },
    "pizza_ordering": {
      "description": "order a pizza",
      "slots": {
        "name.store": {
          "description": "name of the pizza store",
          "is_categorical": false,
          "possible_values": []
        },
        "name.pizza": {
          "description": "name of the pizza",
          "is_categorical": false,
          "possible_values": []
        },
        "size.pizza": {
          "description": "size of the pizza",
          "is_categorical": false,
          "possible_values": []
        },
        "type.topping": {
          "description": "type of the topping",
          "is_categorical": false,
          "possible_values": []
        },
        "type.crust": {
          "description": "type of the crust",
          "is_categorical": false,
          "possible_values": []
        },
        "preference": {
          "description": "user preference of the pizza",
          "is_categorical": false,
          "possible_values": []
        },
        "location.store": {
          "description": "location of the pizza store",
          "is_categorical": false,
          "possible_values": []
        }
      }
    },
    "auto_repair": {
      "description": "set up an auto repair appointment with a repair shop",
      "slots": {
        "name.store": {
          "description": "name of the repair store",
          "is_categorical": false,
          "possible_values": []
        },
        "name.customer": {
          "description": "name of the customer",
          "is_categorical": false,
          "possible_values": []
        },
        "date.appt": {
          "description": "date of the appointment",
          "is_categorical": false,
          "possible_values": []
        },
        "time.appt": {
          "description": "time of the appointment",
          "is_categorical": false,
          "possible_values": []
        },
        "reason.appt": {
          "description": "reason of the appointment",
          "is_categorical": false,
          "possible_values": []
        },
        "name.vehicle": {
          "description": "name of the vehicle",
          "is_categorical": false,
          "possible_values": []
        },
        "year.vehicle": {
          "description": "year of the vehicle",
          "is_categorical": false,
          "possible_values": []
        },
        "location.store": {
          "description": "location of the repair store",
          "is_categorical": false,
          "possible_values": []
        }
      }
    }
  },
  "intents": {
    "inform": {
      "description": "inform the value of a slot or general information."
    },
    "accept": {
      "description": "accept the value of a slot or a transaction"
    },
    "reject": {
      "description": "reject the value of a slot or a transaction"
    }
  },
  "state": {
    "uber_lyft": {
      "location.from": "",
      "location.to": "",
      "type.ride": "",
      "num.people": "",
      "price.estimate": "",
      "duration.estimate": "",
      "time.pickup": "",
      "time.dropoff": ""
    },
    "movie_ticket": {
      "name.movie": "",
      "name.theater": "",
      "num.tickets": "",
      "time.start": "",
      "location.theater": "",
      "price.ticket": "",
      "type.screening": "",
      "time.end": "",
      "time.duration": ""
    },
    "restaurant_reservation": {
      "name.restaurant": "",
      "name.reservation": "",
      "num.guests": "",
      "time.reservation": "",
      "type.seating": "",
      "location.restaurant": ""
    },
    "coffee_ordering": {
      "location.store": "",
      "name.drink": "",
      "size.drink": "",
      "num.drink": "",
      "type.milk": "",
      "preference": ""
    },
    "pizza_ordering": {
      "name.store": "",
      "name.pizza": "",
      "size.pizza": "",
      "type.topping": "",
      "type.crust": "",
      "preference": "",
      "location.store": ""
    },
    "auto_repair": {
      "name.store": "",
      "name.customer": "",
      "date.appt": "",
      "time.appt": "",
      "reason.appt": "",
      "name.vehicle": "",
      "year.vehicle": "",
      "location.store": ""
    }
  },
  "dialogue_acts": {
    "categorical": [],
    "non-categorical": [
      "{'user': False, 'system': True, 'intent': 'reject', 'domain': 'auto_repair', 'slot': 'year.vehicle'}",
      "{'user': False, 'system': True, 'intent': 'reject', 'domain': 'movie_ticket', 'slot': 'time.duration'}",
      "{'user': False, 'system': True, 'intent': 'reject', 'domain': 'pizza_ordering', 'slot': 'location.store'}",
      "{'user': False, 'system': True, 'intent': 'reject', 'domain': 'uber_lyft', 'slot': 'price.estimate'}",
      "{'user': True, 'system': True, 'intent': 'accept', 'domain': 'auto_repair', 'slot': 'date.appt'}",
      "{'user': True, 'system': True, 'intent': 'accept', 'domain': 'auto_repair', 'slot': 'location.store'}",
      "{'user': True, 'system': True, 'intent': 'accept', 'domain': 'auto_repair', 'slot': 'name.customer'}",
      "{'user': True, 'system': True, 'intent': 'accept', 'domain': 'auto_repair', 'slot': 'name.store'}",
      "{'user': True, 'system': True, 'intent': 'accept', 'domain': 'auto_repair', 'slot': 'name.vehicle'}",
      "{'user': True, 'system': True, 'intent': 'accept', 'domain': 'auto_repair', 'slot': 'reason.appt'}",
      "{'user': True, 'system': True, 'intent': 'accept', 'domain': 'auto_repair', 'slot': 'time.appt'}",
      "{'user': True, 'system': True, 'intent': 'accept', 'domain': 'auto_repair', 'slot': 'year.vehicle'}",
      "{'user': True, 'system': True, 'intent': 'accept', 'domain': 'coffee_ordering', 'slot': 'location.store'}",
      "{'user': True, 'system': True, 'intent': 'accept', 'domain': 'coffee_ordering', 'slot': 'name.drink'}",
      "{'user': True, 'system': True, 'intent': 'accept', 'domain': 'coffee_ordering', 'slot': 'num.drink'}",
      "{'user': True, 'system': True, 'intent': 'accept', 'domain': 'coffee_ordering', 'slot': 'preference'}",
      "{'user': True, 'system': True, 'intent': 'accept', 'domain': 'coffee_ordering', 'slot': 'size.drink'}",
      "{'user': True, 'system': True, 'intent': 'accept', 'domain': 'coffee_ordering', 'slot': 'type.milk'}",
      "{'user': True, 'system': True, 'intent': 'accept', 'domain': 'movie_ticket', 'slot': 'location.theater'}",
      "{'user': True, 'system': True, 'intent': 'accept', 'domain': 'movie_ticket', 'slot': 'name.movie'}",
      "{'user': True, 'system': True, 'intent': 'accept', 'domain': 'movie_ticket', 'slot': 'name.theater'}",
      "{'user': True, 'system': True, 'intent': 'accept', 'domain': 'movie_ticket', 'slot': 'num.tickets'}",
      "{'user': True, 'system': True, 'intent': 'accept', 'domain': 'movie_ticket', 'slot': 'price.ticket'}",
      "{'user': True, 'system': True, 'intent': 'accept', 'domain': 'movie_ticket', 'slot': 'time.duration'}",
      "{'user': True, 'system': True, 'intent': 'accept', 'domain': 'movie_ticket', 'slot': 'time.end'}",
      "{'user': True, 'system': True, 'intent': 'accept', 'domain': 'movie_ticket', 'slot': 'time.start'}",
      "{'user': True, 'system': True, 'intent': 'accept', 'domain': 'movie_ticket', 'slot': 'type.screening'}",
      "{'user': True, 'system': True, 'intent': 'accept', 'domain': 'pizza_ordering', 'slot': 'location.store'}",
      "{'user': True, 'system': True, 'intent': 'accept', 'domain': 'pizza_ordering', 'slot': 'name.pizza'}",
      "{'user': True, 'system': True, 'intent': 'accept', 'domain': 'pizza_ordering', 'slot': 'name.store'}",
      "{'user': True, 'system': True, 'intent': 'accept', 'domain': 'pizza_ordering', 'slot': 'preference'}",
      "{'user': True, 'system': True, 'intent': 'accept', 'domain': 'pizza_ordering', 'slot': 'size.pizza'}",
      "{'user': True, 'system': True, 'intent': 'accept', 'domain': 'pizza_ordering', 'slot': 'type.crust'}",
      "{'user': True, 'system': True, 'intent': 'accept', 'domain': 'pizza_ordering', 'slot': 'type.topping'}",
      "{'user': True, 'system': True, 'intent': 'accept', 'domain': 'restaurant_reservation', 'slot': 'location.restaurant'}",
      "{'user': True, 'system': True, 'intent': 'accept', 'domain': 'restaurant_reservation', 'slot': 'name.reservation'}",
      "{'user': True, 'system': True, 'intent': 'accept', 'domain': 'restaurant_reservation', 'slot': 'name.restaurant'}",
      "{'user': True, 'system': True, 'intent': 'accept', 'domain': 'restaurant_reservation', 'slot': 'num.guests'}",
      "{'user': True, 'system': True, 'intent': 'accept', 'domain': 'restaurant_reservation', 'slot': 'time.reservation'}",
      "{'user': True, 'system': True, 'intent': 'accept', 'domain': 'restaurant_reservation', 'slot': 'type.seating'}",
      "{'user': True, 'system': True, 'intent': 'accept', 'domain': 'uber_lyft', 'slot': 'duration.estimate'}",
      "{'user': True, 'system': True, 'intent': 'accept', 'domain': 'uber_lyft', 'slot': 'location.from'}",
      "{'user': True, 'system': True, 'intent': 'accept', 'domain': 'uber_lyft', 'slot': 'location.to'}",
      "{'user': True, 'system': True, 'intent': 'accept', 'domain': 'uber_lyft', 'slot': 'num.people'}",
      "{'user': True, 'system': True, 'intent': 'accept', 'domain': 'uber_lyft', 'slot': 'price.estimate'}",
      "{'user': True, 'system': True, 'intent': 'accept', 'domain': 'uber_lyft', 'slot': 'time.dropoff'}",
      "{'user': True, 'system': True, 'intent': 'accept', 'domain': 'uber_lyft', 'slot': 'time.pickup'}",
      "{'user': True, 'system': True, 'intent': 'accept', 'domain': 'uber_lyft', 'slot': 'type.ride'}",
      "{'user': True, 'system': True, 'intent': 'inform', 'domain': 'auto_repair', 'slot': 'date.appt'}",
      "{'user': True, 'system': True, 'intent': 'inform', 'domain': 'auto_repair', 'slot': 'location.store'}",
      "{'user': True, 'system': True, 'intent': 'inform', 'domain': 'auto_repair', 'slot': 'name.customer'}",
      "{'user': True, 'system': True, 'intent': 'inform', 'domain': 'auto_repair', 'slot': 'name.store'}",
      "{'user': True, 'system': True, 'intent': 'inform', 'domain': 'auto_repair', 'slot': 'name.vehicle'}",
      "{'user': True, 'system': True, 'intent': 'inform', 'domain': 'auto_repair', 'slot': 'reason.appt'}",
      "{'user': True, 'system': True, 'intent': 'inform', 'domain': 'auto_repair', 'slot': 'time.appt'}",
      "{'user': True, 'system': True, 'intent': 'inform', 'domain': 'auto_repair', 'slot': 'year.vehicle'}",
      "{'user': True, 'system': True, 'intent': 'inform', 'domain': 'coffee_ordering', 'slot': 'location.store'}",
      "{'user': True, 'system': True, 'intent': 'inform', 'domain': 'coffee_ordering', 'slot': 'name.drink'}",
      "{'user': True, 'system': True, 'intent': 'inform', 'domain': 'coffee_ordering', 'slot': 'num.drink'}",
      "{'user': True, 'system': True, 'intent': 'inform', 'domain': 'coffee_ordering', 'slot': 'preference'}",
      "{'user': True, 'system': True, 'intent': 'inform', 'domain': 'coffee_ordering', 'slot': 'size.drink'}",
      "{'user': True, 'system': True, 'intent': 'inform', 'domain': 'coffee_ordering', 'slot': 'type.milk'}",
      "{'user': True, 'system': True, 'intent': 'inform', 'domain': 'movie_ticket', 'slot': 'location.theater'}",
      "{'user': True, 'system': True, 'intent': 'inform', 'domain': 'movie_ticket', 'slot': 'name.movie'}",
      "{'user': True, 'system': True, 'intent': 'inform', 'domain': 'movie_ticket', 'slot': 'name.theater'}",
      "{'user': True, 'system': True, 'intent': 'inform', 'domain': 'movie_ticket', 'slot': 'num.tickets'}",
      "{'user': True, 'system': True, 'intent': 'inform', 'domain': 'movie_ticket', 'slot': 'price.ticket'}",
      "{'user': True, 'system': True, 'intent': 'inform', 'domain': 'movie_ticket', 'slot': 'time.duration'}",
      "{'user': True, 'system': True, 'intent': 'inform', 'domain': 'movie_ticket', 'slot': 'time.end'}",
      "{'user': True, 'system': True, 'intent': 'inform', 'domain': 'movie_ticket', 'slot': 'time.start'}",
      "{'user': True, 'system': True, 'intent': 'inform', 'domain': 'movie_ticket', 'slot': 'type.screening'}",
      "{'user': True, 'system': True, 'intent': 'inform', 'domain': 'pizza_ordering', 'slot': 'location.store'}",
      "{'user': True, 'system': True, 'intent': 'inform', 'domain': 'pizza_ordering', 'slot': 'name.pizza'}",
      "{'user': True, 'system': True, 'intent': 'inform', 'domain': 'pizza_ordering', 'slot': 'name.store'}",
      "{'user': True, 'system': True, 'intent': 'inform', 'domain': 'pizza_ordering', 'slot': 'preference'}",
      "{'user': True, 'system': True, 'intent': 'inform', 'domain': 'pizza_ordering', 'slot': 'size.pizza'}",
      "{'user': True, 'system': True, 'intent': 'inform', 'domain': 'pizza_ordering', 'slot': 'type.crust'}",
      "{'user': True, 'system': True, 'intent': 'inform', 'domain': 'pizza_ordering', 'slot': 'type.topping'}",
      "{'user': True, 'system': True, 'intent': 'inform', 'domain': 'restaurant_reservation', 'slot': 'location.restaurant'}",
      "{'user': True, 'system': True, 'intent': 'inform', 'domain': 'restaurant_reservation', 'slot': 'name.reservation'}",
      "{'user': True, 'system': True, 'intent': 'inform', 'domain': 'restaurant_reservation', 'slot': 'name.restaurant'}",
      "{'user': True, 'system': True, 'intent': 'inform', 'domain': 'restaurant_reservation', 'slot': 'num.guests'}",
      "{'user': True, 'system': True, 'intent': 'inform', 'domain': 'restaurant_reservation', 'slot': 'time.reservation'}",
      "{'user': True, 'system': True, 'intent': 'inform', 'domain': 'restaurant_reservation', 'slot': 'type.seating'}",
      "{'user': True, 'system': True, 'intent': 'inform', 'domain': 'uber_lyft', 'slot': 'duration.estimate'}",
      "{'user': True, 'system': True, 'intent': 'inform', 'domain': 'uber_lyft', 'slot': 'location.from'}",
      "{'user': True, 'system': True, 'intent': 'inform', 'domain': 'uber_lyft', 'slot': 'location.to'}",
      "{'user': True, 'system': True, 'intent': 'inform', 'domain': 'uber_lyft', 'slot': 'num.people'}",
      "{'user': True, 'system': True, 'intent': 'inform', 'domain': 'uber_lyft', 'slot': 'price.estimate'}",
      "{'user': True, 'system': True, 'intent': 'inform', 'domain': 'uber_lyft', 'slot': 'time.dropoff'}",
      "{'user': True, 'system': True, 'intent': 'inform', 'domain': 'uber_lyft', 'slot': 'time.pickup'}",
      "{'user': True, 'system': True, 'intent': 'inform', 'domain': 'uber_lyft', 'slot': 'type.ride'}",
      "{'user': True, 'system': True, 'intent': 'reject', 'domain': 'auto_repair', 'slot': 'date.appt'}",
      "{'user': True, 'system': True, 'intent': 'reject', 'domain': 'auto_repair', 'slot': 'location.store'}",
      "{'user': True, 'system': True, 'intent': 'reject', 'domain': 'auto_repair', 'slot': 'name.customer'}",
      "{'user': True, 'system': True, 'intent': 'reject', 'domain': 'auto_repair', 'slot': 'name.store'}",
      "{'user': True, 'system': True, 'intent': 'reject', 'domain': 'auto_repair', 'slot': 'name.vehicle'}",
      "{'user': True, 'system': True, 'intent': 'reject', 'domain': 'auto_repair', 'slot': 'reason.appt'}",
      "{'user': True, 'system': True, 'intent': 'reject', 'domain': 'auto_repair', 'slot': 'time.appt'}",
      "{'user': True, 'system': True, 'intent': 'reject', 'domain': 'coffee_ordering', 'slot': 'location.store'}",
      "{'user': True, 'system': True, 'intent': 'reject', 'domain': 'coffee_ordering', 'slot': 'name.drink'}",
      "{'user': True, 'system': True, 'intent': 'reject', 'domain': 'coffee_ordering', 'slot': 'num.drink'}",
      "{'user': True, 'system': True, 'intent': 'reject', 'domain': 'coffee_ordering', 'slot': 'preference'}",
      "{'user': True, 'system': True, 'intent': 'reject', 'domain': 'coffee_ordering', 'slot': 'size.drink'}",
      "{'user': True, 'system': True, 'intent': 'reject', 'domain': 'coffee_ordering', 'slot': 'type.milk'}",
      "{'user': True, 'system': True, 'intent': 'reject', 'domain': 'movie_ticket', 'slot': 'location.theater'}",
      "{'user': True, 'system': True, 'intent': 'reject', 'domain': 'movie_ticket', 'slot': 'name.movie'}",
      "{'user': True, 'system': True, 'intent': 'reject', 'domain': 'movie_ticket', 'slot': 'name.theater'}",
      "{'user': True, 'system': True, 'intent': 'reject', 'domain': 'movie_ticket', 'slot': 'num.tickets'}",
      "{'user': True, 'system': True, 'intent': 'reject', 'domain': 'movie_ticket', 'slot': 'price.ticket'}",
      "{'user': True, 'system': True, 'intent': 'reject', 'domain': 'movie_ticket', 'slot': 'time.end'}",
      "{'user': True, 'system': True, 'intent': 'reject', 'domain': 'movie_ticket', 'slot': 'time.start'}",
      "{'user': True, 'system': True, 'intent': 'reject', 'domain': 'movie_ticket', 'slot': 'type.screening'}",
      "{'user': True, 'system': True, 'intent': 'reject', 'domain': 'pizza_ordering', 'slot': 'name.pizza'}",
      "{'user': True, 'system': True, 'intent': 'reject', 'domain': 'pizza_ordering', 'slot': 'name.store'}",
      "{'user': True, 'system': True, 'intent': 'reject', 'domain': 'pizza_ordering', 'slot': 'preference'}",
      "{'user': True, 'system': True, 'intent': 'reject', 'domain': 'pizza_ordering', 'slot': 'size.pizza'}",
      "{'user': True, 'system': True, 'intent': 'reject', 'domain': 'pizza_ordering', 'slot': 'type.crust'}",
      "{'user': True, 'system': True, 'intent': 'reject', 'domain': 'pizza_ordering', 'slot': 'type.topping'}",
      "{'user': True, 'system': True, 'intent': 'reject', 'domain': 'restaurant_reservation', 'slot': 'location.restaurant'}",
      "{'user': True, 'system': True, 'intent': 'reject', 'domain': 'restaurant_reservation', 'slot': 'name.reservation'}",
      "{'user': True, 'system': True, 'intent': 'reject', 'domain': 'restaurant_reservation', 'slot': 'name.restaurant'}",
      "{'user': True, 'system': True, 'intent': 'reject', 'domain': 'restaurant_reservation', 'slot': 'num.guests'}",
      "{'user': True, 'system': True, 'intent': 'reject', 'domain': 'restaurant_reservation', 'slot': 'time.reservation'}",
      "{'user': True, 'system': True, 'intent': 'reject', 'domain': 'restaurant_reservation', 'slot': 'type.seating'}",
      "{'user': True, 'system': True, 'intent': 'reject', 'domain': 'uber_lyft', 'slot': 'duration.estimate'}",
      "{'user': True, 'system': True, 'intent': 'reject', 'domain': 'uber_lyft', 'slot': 'location.from'}",
      "{'user': True, 'system': True, 'intent': 'reject', 'domain': 'uber_lyft', 'slot': 'location.to'}",
      "{'user': True, 'system': True, 'intent': 'reject', 'domain': 'uber_lyft', 'slot': 'num.people'}",
      "{'user': True, 'system': True, 'intent': 'reject', 'domain': 'uber_lyft', 'slot': 'time.pickup'}",
      "{'user': True, 'system': True, 'intent': 'reject', 'domain': 'uber_lyft', 'slot': 'type.ride'}"
    ],
    "binary": [
      "{'user': False, 'system': True, 'intent': 'reject', 'domain': 'auto_repair', 'slot': ''}",
      "{'user': False, 'system': True, 'intent': 'reject', 'domain': 'coffee_ordering', 'slot': ''}",
      "{'user': False, 'system': True, 'intent': 'reject', 'domain': 'movie_ticket', 'slot': ''}",
      "{'user': True, 'system': False, 'intent': 'reject', 'domain': 'uber_lyft', 'slot': ''}",
      "{'user': True, 'system': True, 'intent': 'accept', 'domain': 'auto_repair', 'slot': ''}",
      "{'user': True, 'system': True, 'intent': 'accept', 'domain': 'coffee_ordering', 'slot': ''}",
      "{'user': True, 'system': True, 'intent': 'accept', 'domain': 'movie_ticket', 'slot': ''}",
      "{'user': True, 'system': True, 'intent': 'accept', 'domain': 'pizza_ordering', 'slot': ''}",
      "{'user': True, 'system': True, 'intent': 'accept', 'domain': 'restaurant_reservation', 'slot': ''}",
      "{'user': True, 'system': True, 'intent': 'accept', 'domain': 'uber_lyft', 'slot': ''}",
      "{'user': True, 'system': True, 'intent': 'inform', 'domain': 'auto_repair', 'slot': ''}",
      "{'user': True, 'system': True, 'intent': 'inform', 'domain': 'coffee_ordering', 'slot': ''}",
      "{'user': True, 'system': True, 'intent': 'inform', 'domain': 'movie_ticket', 'slot': ''}",
      "{'user': True, 'system': True, 'intent': 'inform', 'domain': 'pizza_ordering', 'slot': ''}",
      "{'user': True, 'system': True, 'intent': 'inform', 'domain': 'restaurant_reservation', 'slot': ''}",
      "{'user': True, 'system': True, 'intent': 'inform', 'domain': 'uber_lyft', 'slot': ''}",
      "{'user': True, 'system': True, 'intent': 'reject', 'domain': 'pizza_ordering', 'slot': ''}",
      "{'user': True, 'system': True, 'intent': 'reject', 'domain': 'restaurant_reservation', 'slot': ''}"
    ]
  }
}