{
  "domains": {
    "uber_lyft": {
      "description": "order a car for a ride inside a city",
      "slots": {
        "location.from": {
          "description": "pickup location",
          "is_categorical": false,
          "possible_values": []
        },
        "location.to": {
          "description": "destination of the ride",
          "is_categorical": false,
          "possible_values": []
        },
        "type.ride": {
          "description": "type of ride",
          "is_categorical": false,
          "possible_values": []
        },
        "num.people": {
          "description": "number of people",
          "is_categorical": false,
          "possible_values": []
        },
        "price.estimate": {
          "description": "estimated cost of the ride",
          "is_categorical": false,
          "possible_values": []
        },
        "duration.estimate": {
          "description": "estimated duration of the ride",
          "is_categorical": false,
          "possible_values": []
        },
        "time.pickup": {
          "description": "time of pickup",
          "is_categorical": false,
          "possible_values": []
        },
        "time.dropoff": {
          "description": "time of dropoff",
          "is_categorical": false,
          "possible_values": []
        }
      }
    },
    "movie_ticket": {
      "description": "book movie tickets for a film",
      "slots": {
        "name.movie": {
          "description": "name of the movie",
          "is_categorical": false,
          "possible_values": []
        },
        "name.theater": {
          "description": "name of the theater",
          "is_categorical": false,
          "possible_values": []
        },
        "num.tickets": {
          "description": "number of tickets",
          "is_categorical": false,
          "possible_values": []
        },
        "time.start": {
          "description": "start time of the movie",
          "is_categorical": false,
          "possible_values": []
        },
        "location.theater": {
          "description": "location of the theater",
          "is_categorical": false,
          "possible_values": []
        },
        "price.ticket": {
          "description": "price of the ticket",
          "is_categorical": false,
          "possible_values": []
        },
        "type.screening": {
          "description": "type of the screening",
          "is_categorical": false,
          "possible_values": []
        },
        "time.end": {
          "description": "end time of the movie",
          "is_categorical": false,
          "possible_values": []
        },
        "time.duration": {
          "description": "duration of the movie",
          "is_categorical": false,
          "possible_values": []
        }
      }
    },
    "restaurant_reservation": {
      "description": "searching for a restaurant and make reservation",
      "slots": {
        "name.restaurant": {
          "description": "name of the restaurant",
          "is_categorical": false,
          "possible_values": []
        },
        "name.reservation": {
          "description": "name of the person who make the reservation",
          "is_categorical": false,
          "possible_values": []
        },
        "num.guests": {
          "description": "number of guests",
          "is_categorical": false,
          "possible_values": []
        },
        "time.reservation": {
          "description": "time of the reservation",
          "is_categorical": false,
          "possible_values": []
        },
        "type.seating": {
          "description": "type of the seating",
          "is_categorical": false,
          "possible_values": []
        },
        "location.restaurant": {
          "description": "location of the restaurant",
          "is_categorical": false,
          "possible_values": []
        }
      }
    },
    "coffee_ordering": {
      "description": "order a coffee drink from either Starbucks or Peets for pick up",
      "slots": {
        "location.store": {
          "description": "location of the coffee store",
          "is_categorical": false,
          "possible_values": []
        },
        "name.drink": {
          "description": "name of the drink",
          "is_categorical": false,
          "possible_values": []
        },
        "size.drink": {
          "description": "size of the drink",
          "is_categorical": false,
          "possible_values": []
        },
        "num.drink": {
          "description": "number of drinks",
          "is_categorical": false,
          "possible_values": []
        },
        "type.milk": {
          "description": "type of the milk",
          "is_categorical": false,
          "possible_values": []
        },
        "preference": {
          "description": "user preference of the drink",
          "is_categorical": false,
          "possible_values": []
        }
      }
    },
    "pizza_ordering": {
      "description": "order a pizza",
      "slots": {
        "name.store": {
          "description": "name of the pizza store",
          "is_categorical": false,
          "possible_values": []
        },
        "name.pizza": {
          "description": "name of the pizza",
          "is_categorical": false,
          "possible_values": []
        },
        "size.pizza": {
          "description": "size of the pizza",
          "is_categorical": false,
          "possible_values": []
        },
        "type.topping": {
          "description": "type of the topping",
          "is_categorical": false,
          "possible_values": []
        },
        "type.crust": {
          "description": "type of the crust",
          "is_categorical": false,
          "possible_values": []
        },
        "preference": {
          "description": "user preference of the pizza",
          "is_categorical": false,
          "possible_values": []
        },
        "location.store": {
          "description": "location of the pizza store",
          "is_categorical": false,
          "possible_values": []
        }
      }
    },
    "auto_repair": {
      "description": "set up an auto repair appointment with a repair shop",
      "slots": {
        "name.store": {
          "description": "name of the repair store",
          "is_categorical": false,
          "possible_values": []
        },
        "name.customer": {
          "description": "name of the customer",
          "is_categorical": false,
          "possible_values": []
        },
        "date.appt": {
          "description": "date of the appointment",
          "is_categorical": false,
          "possible_values": []
        },
        "time.appt": {
          "description": "time of the appointment",
          "is_categorical": false,
          "possible_values": []
        },
        "reason.appt": {
          "description": "reason of the appointment",
          "is_categorical": false,
          "possible_values": []
        },
        "name.vehicle": {
          "description": "name of the vehicle",
          "is_categorical": false,
          "possible_values": []
        },
        "year.vehicle": {
          "description": "year of the vehicle",
          "is_categorical": false,
          "possible_values": []
        },
        "location.store": {
          "description": "location of the repair store",
          "is_categorical": false,
          "possible_values": []
        }
      }
    }
  },
  "intents": {
    "inform": {
      "description": "inform the value of a slot or general information."
    },
    "accept": {
      "description": "accept the value of a slot or a transaction"
    },
    "reject": {
      "description": "reject the value of a slot or a transaction"
    }
  },
  "binary_dialogue_acts": [
    {
      "intent": "accept",
      "domain": "auto_repair",
      "slot": "",
      "value": ""
    },
    {
      "intent": "accept",
      "domain": "coffee_ordering",
      "slot": "",
      "value": ""
    },
    {
      "intent": "accept",
      "domain": "movie_ticket",
      "slot": "",
      "value": ""
    },
    {
      "intent": "accept",
      "domain": "pizza_ordering",
      "slot": "",
      "value": ""
    },
    {
      "intent": "accept",
      "domain": "restaurant_reservation",
      "slot": "",
      "value": ""
    },
    {
      "intent": "accept",
      "domain": "uber_lyft",
      "slot": "",
      "value": ""
    },
    {
      "intent": "inform",
      "domain": "auto_repair",
      "slot": "",
      "value": ""
    },
    {
      "intent": "inform",
      "domain": "coffee_ordering",
      "slot": "",
      "value": ""
    },
    {
      "intent": "inform",
      "domain": "movie_ticket",
      "slot": "",
      "value": ""
    },
    {
      "intent": "inform",
      "domain": "pizza_ordering",
      "slot": "",
      "value": ""
    },
    {
      "intent": "inform",
      "domain": "restaurant_reservation",
      "slot": "",
      "value": ""
    },
    {
      "intent": "inform",
      "domain": "uber_lyft",
      "slot": "",
      "value": ""
    },
    {
      "intent": "reject",
      "domain": "auto_repair",
      "slot": "",
      "value": ""
    },
    {
      "intent": "reject",
      "domain": "coffee_ordering",
      "slot": "",
      "value": ""
    },
    {
      "intent": "reject",
      "domain": "movie_ticket",
      "slot": "",
      "value": ""
    },
    {
      "intent": "reject",
      "domain": "pizza_ordering",
      "slot": "",
      "value": ""
    },
    {
      "intent": "reject",
      "domain": "restaurant_reservation",
      "slot": "",
      "value": ""
    },
    {
      "intent": "reject",
      "domain": "uber_lyft",
      "slot": "",
      "value": ""
    }
  ],
  "state": {
    "uber_lyft": {
      "location.from": "",
      "location.to": "",
      "type.ride": "",
      "num.people": "",
      "price.estimate": "",
      "duration.estimate": "",
      "time.pickup": "",
      "time.dropoff": ""
    },
    "movie_ticket": {
      "name.movie": "",
      "name.theater": "",
      "num.tickets": "",
      "time.start": "",
      "location.theater": "",
      "price.ticket": "",
      "type.screening": "",
      "time.end": "",
      "time.duration": ""
    },
    "restaurant_reservation": {
      "name.restaurant": "",
      "name.reservation": "",
      "num.guests": "",
      "time.reservation": "",
      "type.seating": "",
      "location.restaurant": ""
    },
    "coffee_ordering": {
      "location.store": "",
      "name.drink": "",
      "size.drink": "",
      "num.drink": "",
      "type.milk": "",
      "preference": ""
    },
    "pizza_ordering": {
      "name.store": "",
      "name.pizza": "",
      "size.pizza": "",
      "type.topping": "",
      "type.crust": "",
      "preference": "",
      "location.store": ""
    },
    "auto_repair": {
      "name.store": "",
      "name.customer": "",
      "date.appt": "",
      "time.appt": "",
      "reason.appt": "",
      "name.vehicle": "",
      "year.vehicle": "",
      "location.store": ""
    }
  }
}