{
  "domains": {
    "restaurant": {
      "description": "search for a restaurant to dine",
      "slots": {
        "food": {
          "description": "food type of the restaurant",
          "is_categorical": false,
          "possible_values": []
        },
        "area": {
          "description": "area of the restaurant",
          "is_categorical": true,
          "possible_values": [
            "east",
            "west",
            "centre",
            "north",
            "south"
          ]
        },
        "postcode": {
          "description": "postal code of the restaurant",
          "is_categorical": false,
          "possible_values": []
        },
        "phone": {
          "description": "phone number of the restaurant",
          "is_categorical": false,
          "possible_values": []
        },
        "address": {
          "description": "address of the restaurant",
          "is_categorical": false,
          "possible_values": []
        },
        "price range": {
          "description": "price range of the restaurant",
          "is_categorical": true,
          "possible_values": [
            "expensive",
            "moderate",
            "cheap"
          ]
        },
        "name": {
          "description": "name of the restaurant",
          "is_categorical": false,
          "possible_values": []
        }
      }
    }
  },
  "intents": {
    "inform": {
      "description": "system informs user the value of a slot"
    },
    "request": {
      "description": "system asks the user to provide value of a slot"
    }
  },
  "state": {
    "restaurant": {
      "food": "",
      "area": "",
      "postcode": "",
      "phone": "",
      "address": "",
      "price range": "",
      "name": ""
    }
  },
  "dialogue_acts": {
    "categorical": [
      "{'user': True, 'system': False, 'intent': 'inform', 'domain': 'restaurant', 'slot': 'area'}",
      "{'user': True, 'system': False, 'intent': 'inform', 'domain': 'restaurant', 'slot': 'price range'}"
    ],
    "non-categorical": [
      "{'user': True, 'system': False, 'intent': 'inform', 'domain': 'restaurant', 'slot': 'food'}"
    ],
    "binary": [
      "{'user': True, 'system': False, 'intent': 'request', 'domain': 'restaurant', 'slot': 'address'}",
      "{'user': True, 'system': False, 'intent': 'request', 'domain': 'restaurant', 'slot': 'area'}",
      "{'user': True, 'system': False, 'intent': 'request', 'domain': 'restaurant', 'slot': 'food'}",
      "{'user': True, 'system': False, 'intent': 'request', 'domain': 'restaurant', 'slot': 'name'}",
      "{'user': True, 'system': False, 'intent': 'request', 'domain': 'restaurant', 'slot': 'phone'}",
      "{'user': True, 'system': False, 'intent': 'request', 'domain': 'restaurant', 'slot': 'postcode'}",
      "{'user': True, 'system': False, 'intent': 'request', 'domain': 'restaurant', 'slot': 'price range'}"
    ]
  }
}