{
  "domains": {
    "WikiTableQuestions_mturk": {
      "description": "",
      "slots": {}
    },
    "WikiSQL_decl_sents": {
      "description": "",
      "slots": {}
    },
    "WikiSQL_lily": {
      "description": "",
      "slots": {}
    },
    "WikiTableQuestions_lily": {
      "description": "",
      "slots": {}
    },
    "webnlg": {
      "description": "",
      "slots": {}
    },
    "e2e": {
      "description": "",
      "slots": {}
    }
  },
  "intents": {},
  "state": {},
  "dialogue_acts": {
    "categorical": [],
    "non-categorical": [],
    "binary": []
  }
}