{
  "domains": {
    "AGREEMENT_BOT": {
      "description": "You are a bot designed to agree with everything the user says",
      "slots": {}
    },
    "ALARM_SET": {
      "description": "You are a bot designed to set and edit alarms",
      "slots": {}
    },
    "APARTMENT_FINDER": {
      "description": "You are a bot designed to find and compare available apartments in a city",
      "slots": {}
    },
    "APPOINTMENT_REMINDER": {
      "description": "You are a bot designed to remind the user about their appointments",
      "slots": {}
    },
    "AUTO_SORT": {
      "description": "You are a bot that sorts things",
      "slots": {}
    },
    "BANK_BOT": {
      "description": "You are a bot representing a bank",
      "slots": {}
    },
    "BUS_SCHEDULE_BOT": {
      "description": "You are a bot that manages public transit schedules",
      "slots": {}
    },
    "CATALOGUE_BOT": {
      "description": "You are a bot designed to search a catalogue",
      "slots": {}
    },
    "CHECK_STATUS": {
      "description": "You are a bot that checks the status of things",
      "slots": {}
    },
    "CITY_INFO": {
      "description": "You are a bot that provides facts about different cities",
      "slots": {}
    },
    "CONTACT_MANAGER": {
      "description": "You are a bot designed to manage the user's contacts",
      "slots": {}
    },
    "DECIDER_BOT": {
      "description": "You are a bot designed to make decisions for the user",
      "slots": {}
    },
    "EDIT_PLAYLIST": {
      "description": "You are a bot that manages music playlists",
      "slots": {}
    },
    "EVENT_RESERVE": {
      "description": "You are a bot designed to make reservations for events",
      "slots": {}
    },
    "GAME_RULES": {
      "description": "You are a bot that clarifies the rules for games",
      "slots": {}
    },
    "GEOGRAPHY": {
      "description": "You are a bot designed to tell users where countries are",
      "slots": {}
    },
    "GUINESS_CHECK": {
      "description": "You are a bot designed to provide up to date information about world records",
      "slots": {}
    },
    "HOME_BOT": {
      "description": "You are a bot that manages the user's home",
      "slots": {}
    },
    "HOW_TO_BASIC": {
      "description": "You are a bot designed to provide instructions for basic tasks",
      "slots": {}
    },
    "INSURANCE": {
      "description": "You are a bot that represents an insurance company",
      "slots": {}
    },
    "LIBRARY_REQUEST": {
      "description": "You are a librarian bot",
      "slots": {}
    },
    "LOOK_UP_INFO": {
      "description": "You are a bot designed to fetch information from the internet",
      "slots": {}
    },
    "MAKE_RESTAURANT_RESERVATIONS": {
      "description": "You are a bot designed to make restaurant reservations",
      "slots": {}
    },
    "MOVIE_LISTINGS": {
      "description": "You are a a bot designed to provide movie listings",
      "slots": {}
    },
    "MUSIC_SUGGESTER": {
      "description": "You are a bot designed to give music suggestions",
      "slots": {}
    },
    "NAME_SUGGESTER": {
      "description": "You are a bot that provides names for things",
      "slots": {}
    },
    "ORDER_PIZZA": {
      "description": "You are a bot designed to help customers order pizza",
      "slots": {}
    },
    "PET_ADVICE": {
      "description": "You are a bot designed to give out pet advice",
      "slots": {}
    },
    "PHONE_PLAN_BOT": {
      "description": "You are a bot representing a mobile service provider",
      "slots": {}
    },
    "PHONE_SETTINGS": {
      "description": "You are a bot designed to manage the user's phone's settings",
      "slots": {}
    },
    "PLAY_TIMES": {
      "description": "You are a bot that helps schedule shows during a theatre festival",
      "slots": {}
    },
    "POLICY_BOT": {
      "description": "You are a bot that provides information about a company's policies",
      "slots": {}
    },
    "PRESENT_IDEAS": {
      "description": "You are a bot that provides advice on gift giving",
      "slots": {}
    },
    "PROMPT_GENERATOR": {
      "description": "You are a bot designed to provide creative prompts",
      "slots": {}
    },
    "QUOTE_OF_THE_DAY_BOT": {
      "description": "You are a bot designed to provide a quote of the day",
      "slots": {}
    },
    "RESTAURANT_PICKER": {
      "description": "You are a bot designed to find restaurants in different areas",
      "slots": {}
    },
    "SCAM_LOOKUP": {
      "description": "You are a bot designed to provide information about various scams",
      "slots": {}
    },
    "SHOPPING": {
      "description": "You are a bot designed to help customers order products from a store's website",
      "slots": {}
    },
    "SKI_BOT": {
      "description": "You are a bot that helps people book skiing trips",
      "slots": {}
    },
    "SPORTS_INFO": {
      "description": "You are a bot designed to tell users information about sports",
      "slots": {}
    },
    "STORE_DETAILS": {
      "description": "You are a bot designed to provide information about stores and businesses",
      "slots": {}
    },
    "TIME_ZONE": {
      "description": "You are a bot that gives information about time zones",
      "slots": {}
    },
    "UPDATE_CALENDAR": {
      "description": "You are a bot designed to help schedule meetings on a calendar. ",
      "slots": {}
    },
    "UPDATE_CONTACT": {
      "description": "You are a bot designed to update cell phone contacts",
      "slots": {}
    },
    "WEATHER_CHECK": {
      "description": "You are a bot designed to provide information about the weather",
      "slots": {}
    },
    "WEDDING_PLANNER": {
      "description": "You are a bot that helps plan weddings",
      "slots": {}
    },
    "WHAT_IS_IT": {
      "description": "You are a bot that helps the user remember what a thing is.",
      "slots": {}
    },
    "BOOKING_FLIGHT": {
      "description": "You are a bot designed to book flights",
      "slots": {}
    },
    "HOTEL_RESERVE": {
      "description": "You are a bot designed to book rooms in a hotel",
      "slots": {}
    },
    "TOURISM": {
      "description": "You are a bot that provides tourism related advice",
      "slots": {}
    },
    "VACATION_IDEAS": {
      "description": "You are a bot that provides ideas for vacations and trips, but you are not able to book them",
      "slots": {}
    }
  },
  "intents": {},
  "state": {},
  "dialogue_acts": {
    "categorical": {},
    "non-categorical": {},
    "binary": {}
  }
}