{
  "domains": {
    "flights": {
      "description": "find a round trip or multi-city flights",
      "slots": {
        "type": {
          "description": "type of the flight",
          "is_categorical": false,
          "possible_values": []
        },
        "destination1": {
          "description": "the first destination city of the trip",
          "is_categorical": false,
          "possible_values": []
        },
        "destination2": {
          "description": "the second destination city of the trip",
          "is_categorical": false,
          "possible_values": []
        },
        "origin": {
          "description": "the origin city of the trip",
          "is_categorical": false,
          "possible_values": []
        },
        "date.depart_origin": {
          "description": "date of departure from origin",
          "is_categorical": false,
          "possible_values": []
        },
        "date.depart_intermediate": {
          "description": "date of departure from intermediate",
          "is_categorical": false,
          "possible_values": []
        },
        "date.return": {
          "description": "date of return",
          "is_categorical": false,
          "possible_values": []
        },
        "time_of_day": {
          "description": "time of the flight",
          "is_categorical": false,
          "possible_values": []
        },
        "seating_class": {
          "description": "seat type (first class, business class, economy class, etc.",
          "is_categorical": false,
          "possible_values": []
        },
        "seat_location": {
          "description": "location of the seat",
          "is_categorical": false,
          "possible_values": []
        },
        "stops": {
          "description": "non-stop, layovers, etc.",
          "is_categorical": false,
          "possible_values": []
        },
        "price_range": {
          "description": "price range of the flight",
          "is_categorical": false,
          "possible_values": []
        },
        "num.pax": {
          "description": "number of people",
          "is_categorical": false,
          "possible_values": []
        },
        "luggage": {
          "description": "luggage information",
          "is_categorical": false,
          "possible_values": []
        },
        "total_fare": {
          "description": "total cost of the trip",
          "is_categorical": false,
          "possible_values": []
        },
        "other_description": {
          "description": "other description of the flight",
          "is_categorical": false,
          "possible_values": []
        },
        "from": {
          "description": "departure of the flight",
          "is_categorical": false,
          "possible_values": []
        },
        "to": {
          "description": "destination of the flight",
          "is_categorical": false,
          "possible_values": []
        },
        "airline": {
          "description": "airline of the flight",
          "is_categorical": false,
          "possible_values": []
        },
        "flight_number": {
          "description": "the number of the flight",
          "is_categorical": false,
          "possible_values": []
        },
        "date": {
          "description": "date of the flight",
          "is_categorical": false,
          "possible_values": []
        },
        "from.time": {
          "description": "departure time of the flight",
          "is_categorical": false,
          "possible_values": []
        },
        "to.time": {
          "description": "arrival time of the flight",
          "is_categorical": false,
          "possible_values": []
        },
        "stops.location": {
          "description": "location of the stop",
          "is_categorical": false,
          "possible_values": []
        },
        "fare": {
          "description": "cost of the flight",
          "is_categorical": false,
          "possible_values": []
        }
      }
    },
    "food-ordering": {
      "description": "order take-out for a particular cuisine choice",
      "slots": {
        "name.item": {
          "description": "name of the item",
          "is_categorical": false,
          "possible_values": []
        },
        "other_description.item": {
          "description": "other description of the item",
          "is_categorical": false,
          "possible_values": []
        },
        "type.retrieval": {
          "description": "type of the retrieval method",
          "is_categorical": false,
          "possible_values": []
        },
        "total_price": {
          "description": "total price",
          "is_categorical": false,
          "possible_values": []
        },
        "time.pickup": {
          "description": "pick up time",
          "is_categorical": false,
          "possible_values": []
        },
        "num.people": {
          "description": "number of people",
          "is_categorical": false,
          "possible_values": []
        },
        "name.restaurant": {
          "description": "name of the restaurant",
          "is_categorical": false,
          "possible_values": []
        },
        "type.food": {
          "description": "type of food",
          "is_categorical": false,
          "possible_values": []
        },
        "type.meal": {
          "description": "type of meal",
          "is_categorical": false,
          "possible_values": []
        },
        "location.restaurant": {
          "description": "location of the restaurant",
          "is_categorical": false,
          "possible_values": []
        },
        "rating.restaurant": {
          "description": "rating of the restaurant",
          "is_categorical": false,
          "possible_values": []
        },
        "price_range": {
          "description": "price range of the food",
          "is_categorical": false,
          "possible_values": []
        }
      }
    },
    "hotels": {
      "description": "find a hotel using typical preferences",
      "slots": {
        "name.hotel": {
          "description": "name of the hotel",
          "is_categorical": false,
          "possible_values": []
        },
        "location.hotel": {
          "description": "location of the hotel",
          "is_categorical": false,
          "possible_values": []
        },
        "sub_location.hotel": {
          "description": "rough location of the hotel",
          "is_categorical": false,
          "possible_values": []
        },
        "star_rating": {
          "description": "star rating of the hotel",
          "is_categorical": false,
          "possible_values": []
        },
        "customer_rating": {
          "description": "customer rating of the hotel",
          "is_categorical": false,
          "possible_values": []
        },
        "price_range": {
          "description": "price range of the hotel",
          "is_categorical": false,
          "possible_values": []
        },
        "amenity": {
          "description": "amenity of the hotel",
          "is_categorical": false,
          "possible_values": []
        },
        "num.beds": {
          "description": "number of beds to book",
          "is_categorical": false,
          "possible_values": []
        },
        "type.bed": {
          "description": "type of the bed",
          "is_categorical": false,
          "possible_values": []
        },
        "num.rooms": {
          "description": "number of rooms to book",
          "is_categorical": false,
          "possible_values": []
        },
        "check-in_date": {
          "description": "check-in date",
          "is_categorical": false,
          "possible_values": []
        },
        "check-out_date": {
          "description": "check-out date",
          "is_categorical": false,
          "possible_values": []
        },
        "date_range": {
          "description": "date range of the reservation",
          "is_categorical": false,
          "possible_values": []
        },
        "num.guests": {
          "description": "number of guests",
          "is_categorical": false,
          "possible_values": []
        },
        "type.room": {
          "description": "type of the room",
          "is_categorical": false,
          "possible_values": []
        },
        "other_request": {
          "description": "other request",
          "is_categorical": false,
          "possible_values": []
        },
        "customer_review": {
          "description": "customer review of the hotel",
          "is_categorical": false,
          "possible_values": []
        },
        "price_per_night": {
          "description": "price per night",
          "is_categorical": false,
          "possible_values": []
        },
        "total_fare": {
          "description": "total fare",
          "is_categorical": false,
          "possible_values": []
        },
        "location": {
          "description": "location of the hotel",
          "is_categorical": false,
          "possible_values": []
        },
        "other_detail": {
          "description": "other detail",
          "is_categorical": false,
          "possible_values": []
        }
      }
    },
    "movies": {
      "description": "find a movie to watch in theaters or using a streaming service at home",
      "slots": {
        "name.movie": {
          "description": "name of the movie",
          "is_categorical": false,
          "possible_values": []
        },
        "genre": {
          "description": "genre of the movie",
          "is_categorical": false,
          "possible_values": []
        },
        "name.theater": {
          "description": "name of the theater",
          "is_categorical": false,
          "possible_values": []
        },
        "location.theater": {
          "description": "location of the theater",
          "is_categorical": false,
          "possible_values": []
        },
        "time.start": {
          "description": "start time of the movie",
          "is_categorical": false,
          "possible_values": []
        },
        "time.end": {
          "description": "end time of the movie",
          "is_categorical": false,
          "possible_values": []
        },
        "price.ticket": {
          "description": "price of the ticket",
          "is_categorical": false,
          "possible_values": []
        },
        "type.screening": {
          "description": "type of the screening",
          "is_categorical": false,
          "possible_values": []
        },
        "audience_rating": {
          "description": "audience rating",
          "is_categorical": false,
          "possible_values": []
        },
        "critic_rating": {
          "description": "critic rating",
          "is_categorical": false,
          "possible_values": []
        },
        "movie_rating": {
          "description": "film rating",
          "is_categorical": false,
          "possible_values": []
        },
        "release_date": {
          "description": "release date of the movie",
          "is_categorical": false,
          "possible_values": []
        },
        "runtime": {
          "description": "running time of the movie",
          "is_categorical": false,
          "possible_values": []
        },
        "real_person": {
          "description": "name of actors, directors, etc.",
          "is_categorical": false,
          "possible_values": []
        },
        "character": {
          "description": "name of character in the movie",
          "is_categorical": false,
          "possible_values": []
        },
        "streaming_service": {
          "description": "streaming service that provide the movie",
          "is_categorical": false,
          "possible_values": []
        },
        "other_description": {
          "description": "other description about the movie",
          "is_categorical": false,
          "possible_values": []
        },
        "num.tickets": {
          "description": "number of tickets",
          "is_categorical": false,
          "possible_values": []
        },
        "seating": {
          "description": "type of seating",
          "is_categorical": false,
          "possible_values": []
        },
        "price.streaming": {
          "description": "price of the streaming",
          "is_categorical": false,
          "possible_values": []
        }
      }
    },
    "music": {
      "description": "find several tracks to play and then comment on each one",
      "slots": {
        "name.track": {
          "description": "name of the track",
          "is_categorical": false,
          "possible_values": []
        },
        "name.artist": {
          "description": "name of the artist",
          "is_categorical": false,
          "possible_values": []
        },
        "name.album": {
          "description": "name of the album",
          "is_categorical": false,
          "possible_values": []
        },
        "name.genre": {
          "description": "music genre",
          "is_categorical": false,
          "possible_values": []
        },
        "type.music": {
          "description": "rough type of the music",
          "is_categorical": false,
          "possible_values": []
        },
        "describes_track": {
          "description": "description of a track to find",
          "is_categorical": false,
          "possible_values": []
        },
        "describes_artist": {
          "description": "description of a artist to find",
          "is_categorical": false,
          "possible_values": []
        },
        "describes_album": {
          "description": "description of an album to find",
          "is_categorical": false,
          "possible_values": []
        },
        "describes_genre": {
          "description": "description of a genre to find",
          "is_categorical": false,
          "possible_values": []
        },
        "describes_type.music": {
          "description": "description of the music type",
          "is_categorical": false,
          "possible_values": []
        },
        "technical_difficulty": {
          "description": "there is a technical difficulty",
          "is_categorical": false,
          "possible_values": []
        }
      }
    },
    "restaurant-search": {
      "description": "ask for recommendations for a particular type of cuisine",
      "slots": {
        "name.restaurant": {
          "description": "name of the restaurant",
          "is_categorical": false,
          "possible_values": []
        },
        "location": {
          "description": "location of the restaurant",
          "is_categorical": false,
          "possible_values": []
        },
        "sub-location": {
          "description": "rough location of the restaurant",
          "is_categorical": false,
          "possible_values": []
        },
        "type.food": {
          "description": "the cuisine of the restaurant",
          "is_categorical": false,
          "possible_values": []
        },
        "menu_item": {
          "description": "item in the menu",
          "is_categorical": false,
          "possible_values": []
        },
        "type.meal": {
          "description": "type of meal",
          "is_categorical": false,
          "possible_values": []
        },
        "rating": {
          "description": "rating of the restaurant",
          "is_categorical": false,
          "possible_values": []
        },
        "price_range": {
          "description": "price range of the restaurant",
          "is_categorical": false,
          "possible_values": []
        },
        "business_hours": {
          "description": "business hours of the restaurant",
          "is_categorical": false,
          "possible_values": []
        },
        "other_description": {
          "description": "other description of the restaurant",
          "is_categorical": false,
          "possible_values": []
        },
        "name.reservation": {
          "description": "name of the person who make the reservation",
          "is_categorical": false,
          "possible_values": []
        },
        "num.guests": {
          "description": "number of guests",
          "is_categorical": false,
          "possible_values": []
        },
        "time.reservation": {
          "description": "time of the reservation",
          "is_categorical": false,
          "possible_values": []
        },
        "date.reservation": {
          "description": "date of the reservation",
          "is_categorical": false,
          "possible_values": []
        },
        "type.seating": {
          "description": "type of the seating",
          "is_categorical": false,
          "possible_values": []
        },
        "phone": {
          "description": "phone number of the restaurant",
          "is_categorical": false,
          "possible_values": []
        }
      }
    },
    "sports": {
      "description": "discuss facts and stats about players, teams, games, etc. in EPL, MLB, MLS, NBA, NFL",
      "slots": {
        "name.team": {
          "description": "name of the team",
          "is_categorical": false,
          "possible_values": []
        },
        "record.team": {
          "description": "record of the team (number of wins and losses)",
          "is_categorical": false,
          "possible_values": []
        },
        "record.games_ahead": {
          "description": "number of games ahead",
          "is_categorical": false,
          "possible_values": []
        },
        "record.games_back": {
          "description": "number of games behind",
          "is_categorical": false,
          "possible_values": []
        },
        "place.team": {
          "description": "ranking of the team",
          "is_categorical": false,
          "possible_values": []
        },
        "result.match": {
          "description": "result of the match",
          "is_categorical": false,
          "possible_values": []
        },
        "score.match": {
          "description": "score of the match",
          "is_categorical": false,
          "possible_values": []
        },
        "date.match": {
          "description": "date of the match",
          "is_categorical": false,
          "possible_values": []
        },
        "day.match": {
          "description": "day of the match",
          "is_categorical": false,
          "possible_values": []
        },
        "time.match": {
          "description": "time of the match",
          "is_categorical": false,
          "possible_values": []
        },
        "name.player": {
          "description": "name of the player",
          "is_categorical": false,
          "possible_values": []
        },
        "position.player": {
          "description": "position of the player",
          "is_categorical": false,
          "possible_values": []
        },
        "record.player": {
          "description": "record of the player",
          "is_categorical": false,
          "possible_values": []
        },
        "name.non_player": {
          "description": "name of non-palyer such as the manager, coach",
          "is_categorical": false,
          "possible_values": []
        },
        "venue": {
          "description": "venue of the match take place",
          "is_categorical": false,
          "possible_values": []
        },
        "other_description.person": {
          "description": "other description of the person",
          "is_categorical": false,
          "possible_values": []
        },
        "other_description.team": {
          "description": "other description of the team",
          "is_categorical": false,
          "possible_values": []
        },
        "other_description.match": {
          "description": "other description of the match",
          "is_categorical": false,
          "possible_values": []
        }
      }
    }
  },
  "intents": {
    "inform": {
      "description": "inform the value of a slot or general information."
    }
  },
  "binary_dialogue_acts": [
    {
      "intent": "inform",
      "domain": "flights",
      "slot": "flight_booked",
      "value": ""
    },
    {
      "intent": "inform",
      "domain": "hotels",
      "slot": "hotel_booked",
      "value": ""
    },
    {
      "intent": "inform",
      "domain": "movies",
      "slot": "synopsis",
      "value": ""
    },
    {
      "intent": "inform",
      "domain": "movies",
      "slot": "ticket_booking",
      "value": ""
    },
    {
      "intent": "inform",
      "domain": "restaurant-search",
      "slot": "offical_description",
      "value": ""
    }
  ],
  "state": {
    "flights": {
      "type": "",
      "destination1": "",
      "destination2": "",
      "origin": "",
      "date.depart_origin": "",
      "date.depart_intermediate": "",
      "date.return": "",
      "time_of_day": "",
      "seating_class": "",
      "seat_location": "",
      "stops": "",
      "price_range": "",
      "num.pax": "",
      "luggage": "",
      "total_fare": "",
      "other_description": "",
      "from": "",
      "to": "",
      "airline": "",
      "flight_number": "",
      "date": "",
      "from.time": "",
      "to.time": "",
      "stops.location": "",
      "fare": ""
    },
    "food-ordering": {
      "name.item": "",
      "other_description.item": "",
      "type.retrieval": "",
      "total_price": "",
      "time.pickup": "",
      "num.people": "",
      "name.restaurant": "",
      "type.food": "",
      "type.meal": "",
      "location.restaurant": "",
      "rating.restaurant": "",
      "price_range": ""
    },
    "hotels": {
      "name.hotel": "",
      "location.hotel": "",
      "sub_location.hotel": "",
      "star_rating": "",
      "customer_rating": "",
      "price_range": "",
      "amenity": "",
      "num.beds": "",
      "type.bed": "",
      "num.rooms": "",
      "check-in_date": "",
      "check-out_date": "",
      "date_range": "",
      "num.guests": "",
      "type.room": "",
      "other_request": "",
      "customer_review": "",
      "price_per_night": "",
      "total_fare": "",
      "location": "",
      "other_detail": ""
    },
    "movies": {
      "name.movie": "",
      "genre": "",
      "name.theater": "",
      "location.theater": "",
      "time.start": "",
      "time.end": "",
      "price.ticket": "",
      "type.screening": "",
      "audience_rating": "",
      "critic_rating": "",
      "movie_rating": "",
      "release_date": "",
      "runtime": "",
      "real_person": "",
      "character": "",
      "streaming_service": "",
      "other_description": "",
      "num.tickets": "",
      "seating": "",
      "price.streaming": ""
    },
    "music": {
      "name.track": "",
      "name.artist": "",
      "name.album": "",
      "name.genre": "",
      "type.music": "",
      "describes_track": "",
      "describes_artist": "",
      "describes_album": "",
      "describes_genre": "",
      "describes_type.music": "",
      "technical_difficulty": ""
    },
    "restaurant-search": {
      "name.restaurant": "",
      "location": "",
      "sub-location": "",
      "type.food": "",
      "menu_item": "",
      "type.meal": "",
      "rating": "",
      "price_range": "",
      "business_hours": "",
      "other_description": "",
      "name.reservation": "",
      "num.guests": "",
      "time.reservation": "",
      "date.reservation": "",
      "type.seating": "",
      "phone": ""
    },
    "sports": {
      "name.team": "",
      "record.team": "",
      "record.games_ahead": "",
      "record.games_back": "",
      "place.team": "",
      "result.match": "",
      "score.match": "",
      "date.match": "",
      "day.match": "",
      "time.match": "",
      "name.player": "",
      "position.player": "",
      "record.player": "",
      "name.non_player": "",
      "venue": "",
      "other_description.person": "",
      "other_description.team": "",
      "other_description.match": ""
    }
  }
}