{
  "domains": {
    "flights": {
      "description": "find a round trip or multi-city flights",
      "slots": {
        "type": {
          "description": "",
          "is_categorical": false,
          "possible_values": 58,
          "in original ontology": true,
          "count": 2003,
          "avg len": 1.5676485272091862
        },
        "destination1": {
          "description": "",
          "is_categorical": false,
          "possible_values": 537,
          "in original ontology": true,
          "count": 3991,
          "avg len": 1.521172638436482
        },
        "destination2": {
          "description": "",
          "is_categorical": false,
          "possible_values": 16,
          "in original ontology": true,
          "count": 127,
          "avg len": 1.1653543307086613
        },
        "origin": {
          "description": "",
          "is_categorical": false,
          "possible_values": 179,
          "in original ontology": true,
          "count": 2595,
          "avg len": 1.5649325626204238
        },
        "date.depart": {
          "description": "",
          "is_categorical": false,
          "possible_values": 0,
          "in original ontology": true,
          "count": 0,
          "avg len": 0
        },
        "date.intermediate": {
          "description": "",
          "is_categorical": false,
          "possible_values": 0,
          "in original ontology": true,
          "count": 0,
          "avg len": 0
        },
        "date.return": {
          "description": "",
          "is_categorical": false,
          "possible_values": 973,
          "in original ontology": true,
          "count": 2819,
          "avg len": 2.3941113870166726
        },
        "time_of_day": {
          "description": "",
          "is_categorical": false,
          "possible_values": 783,
          "in original ontology": true,
          "count": 3839,
          "avg len": 2.244334462099505
        },
        "seating_class": {
          "description": "",
          "is_categorical": false,
          "possible_values": 176,
          "in original ontology": true,
          "count": 3480,
          "avg len": 1.5669540229885057
        },
        "seat_location": {
          "description": "",
          "is_categorical": false,
          "possible_values": 45,
          "in original ontology": true,
          "count": 299,
          "avg len": 1.8662207357859533
        },
        "stops": {
          "description": "",
          "is_categorical": false,
          "possible_values": 352,
          "in original ontology": true,
          "count": 6083,
          "avg len": 1.3618280453723492
        },
        "price_range": {
          "description": "",
          "is_categorical": false,
          "possible_values": 934,
          "in original ontology": true,
          "count": 2644,
          "avg len": 2.174357034795764
        },
        "num.pax": {
          "description": "",
          "is_categorical": false,
          "possible_values": 74,
          "in original ontology": true,
          "count": 439,
          "avg len": 1.6264236902050113
        },
        "luggage": {
          "description": "",
          "is_categorical": false,
          "possible_values": 16,
          "in original ontology": true,
          "count": 17,
          "avg len": 3.823529411764706
        },
        "total_fare": {
          "description": "",
          "is_categorical": false,
          "possible_values": 920,
          "in original ontology": true,
          "count": 1249,
          "avg len": 1.0384307445956766
        },
        "other_description": {
          "description": "",
          "is_categorical": false,
          "possible_values": 1661,
          "in original ontology": true,
          "count": 2562,
          "avg len": 3.5058548009367683
        },
        "from": {
          "description": "",
          "is_categorical": false,
          "possible_values": 179,
          "in original ontology": true,
          "count": 1297,
          "avg len": 1.4471858134155744
        },
        "to": {
          "description": "",
          "is_categorical": false,
          "possible_values": 240,
          "in original ontology": true,
          "count": 1987,
          "avg len": 1.3638651233014596
        },
        "airline": {
          "description": "",
          "is_categorical": false,
          "possible_values": 340,
          "in original ontology": true,
          "count": 3765,
          "avg len": 1.5389110225763611
        },
        "flight_number": {
          "description": "",
          "is_categorical": false,
          "possible_values": 38,
          "in original ontology": true,
          "count": 42,
          "avg len": 1.7142857142857142
        },
        "date": {
          "description": "",
          "is_categorical": false,
          "possible_values": 364,
          "in original ontology": true,
          "count": 755,
          "avg len": 1.976158940397351
        },
        "from.time": {
          "description": "",
          "is_categorical": false,
          "possible_values": 2126,
          "in original ontology": true,
          "count": 6449,
          "avg len": 1.972553884323151
        },
        "to.time": {
          "description": "",
          "is_categorical": false,
          "possible_values": 1645,
          "in original ontology": true,
          "count": 2585,
          "avg len": 1.9972920696324952
        },
        "stops.location": {
          "description": "",
          "is_categorical": false,
          "possible_values": 159,
          "in original ontology": true,
          "count": 1081,
          "avg len": 1.2146160962072154
        },
        "fare": {
          "description": "",
          "is_categorical": false,
          "possible_values": 1008,
          "in original ontology": true,
          "count": 1475,
          "avg len": 1.0427118644067797
        },
        "date.depart_origin": {
          "description": "",
          "is_categorical": false,
          "possible_values": 823,
          "in original ontology": false,
          "count": 3176,
          "avg len": 1.8690176322418135
        },
        "flight_booked": {
          "description": "",
          "is_categorical": false,
          "possible_values": 638,
          "in original ontology": false,
          "count": 1251,
          "avg len": 6.430855315747402
        },
        "date.depart_intermediate": {
          "description": "",
          "is_categorical": false,
          "possible_values": 36,
          "in original ontology": false,
          "count": 48,
          "avg len": 2.0625
        }
      },
      "prefix": [
        "flight_booked"
      ]
    },
    "food-ordering": {
      "description": "order take-out for a particular cuisine choice",
      "slots": {
        "name.item": {
          "description": "",
          "is_categorical": false,
          "possible_values": 3641,
          "in original ontology": true,
          "count": 6065,
          "avg len": 3.4103874690849136
        },
        "other_description.item": {
          "description": "",
          "is_categorical": false,
          "possible_values": 890,
          "in original ontology": true,
          "count": 1454,
          "avg len": 4.372077028885832
        },
        "type.retrieval": {
          "description": "",
          "is_categorical": false,
          "possible_values": 25,
          "in original ontology": true,
          "count": 1946,
          "avg len": 1.1649537512846866
        },
        "name.person": {
          "description": "",
          "is_categorical": false,
          "possible_values": 0,
          "in original ontology": true,
          "count": 0,
          "avg len": 0
        },
        "total_price": {
          "description": "",
          "is_categorical": false,
          "possible_values": 6,
          "in original ontology": true,
          "count": 6,
          "avg len": 1.0
        },
        "time.pickup": {
          "description": "",
          "is_categorical": false,
          "possible_values": 21,
          "in original ontology": true,
          "count": 1062,
          "avg len": 2.8088512241054615
        },
        "num.people": {
          "description": "",
          "is_categorical": false,
          "possible_values": 42,
          "in original ontology": true,
          "count": 879,
          "avg len": 1.7531285551763367
        },
        "name.restaurant": {
          "description": "",
          "is_categorical": false,
          "possible_values": 51,
          "in original ontology": true,
          "count": 106,
          "avg len": 2.141509433962264
        },
        "type.food": {
          "description": "",
          "is_categorical": false,
          "possible_values": 128,
          "in original ontology": true,
          "count": 1239,
          "avg len": 1.1832122679580306
        },
        "type.meal": {
          "description": "",
          "is_categorical": false,
          "possible_values": 7,
          "in original ontology": true,
          "count": 68,
          "avg len": 1.0
        },
        "location.restaurant": {
          "description": "",
          "is_categorical": false,
          "possible_values": 7,
          "in original ontology": true,
          "count": 8,
          "avg len": 2.625
        },
        "rating.restaurant": {
          "description": "",
          "is_categorical": false,
          "possible_values": 5,
          "in original ontology": true,
          "count": 5,
          "avg len": 3.4
        },
        "price_range": {
          "description": "",
          "is_categorical": false,
          "possible_values": 5,
          "in original ontology": true,
          "count": 5,
          "avg len": 1.8
        },
        "phone.restaurant": {
          "description": "",
          "is_categorical": false,
          "possible_values": 0,
          "in original ontology": true,
          "count": 0,
          "avg len": 0
        },
        "business_hours.restaurant": {
          "description": "",
          "is_categorical": false,
          "possible_values": 0,
          "in original ontology": true,
          "count": 0,
          "avg len": 0
        },
        "official_description.restaurant": {
          "description": "",
          "is_categorical": false,
          "possible_values": 1,
          "in original ontology": true,
          "count": 1,
          "avg len": 15.0
        }
      },
      "prefix": []
    },
    "hotels": {
      "description": "find a hotel using typical preferences",
      "slots": {
        "name.hotel": {
          "description": "",
          "is_categorical": false,
          "possible_values": 2579,
          "in original ontology": true,
          "count": 5274,
          "avg len": 3.546454304133485
        },
        "location.hotel": {
          "description": "",
          "is_categorical": false,
          "possible_values": 359,
          "in original ontology": true,
          "count": 2944,
          "avg len": 2.426630434782609
        },
        "sub_location.hotel": {
          "description": "",
          "is_categorical": false,
          "possible_values": 1090,
          "in original ontology": true,
          "count": 1876,
          "avg len": 4.481876332622601
        },
        "star_rating": {
          "description": "",
          "is_categorical": false,
          "possible_values": 586,
          "in original ontology": true,
          "count": 2038,
          "avg len": 2.5794896957801767
        },
        "customer_rating": {
          "description": "",
          "is_categorical": false,
          "possible_values": 602,
          "in original ontology": true,
          "count": 1225,
          "avg len": 3.0677551020408163
        },
        "price_range": {
          "description": "",
          "is_categorical": false,
          "possible_values": 1093,
          "in original ontology": true,
          "count": 2358,
          "avg len": 3.9067005937234947
        },
        "amenity": {
          "description": "",
          "is_categorical": false,
          "possible_values": 3350,
          "in original ontology": true,
          "count": 18868,
          "avg len": 2.2443290226839094
        },
        "num.beds": {
          "description": "",
          "is_categorical": false,
          "possible_values": 63,
          "in original ontology": true,
          "count": 727,
          "avg len": 1.4896836313617607
        },
        "type.bed": {
          "description": "",
          "is_categorical": false,
          "possible_values": 216,
          "in original ontology": true,
          "count": 1424,
          "avg len": 2.408707865168539
        },
        "num.rooms": {
          "description": "",
          "is_categorical": false,
          "possible_values": 62,
          "in original ontology": true,
          "count": 254,
          "avg len": 1.7125984251968505
        },
        "check-in_date": {
          "description": "",
          "is_categorical": false,
          "possible_values": 367,
          "in original ontology": true,
          "count": 608,
          "avg len": 2.2878289473684212
        },
        "check-out_date": {
          "description": "",
          "is_categorical": false,
          "possible_values": 274,
          "in original ontology": true,
          "count": 423,
          "avg len": 2.1536643026004727
        },
        "date_range": {
          "description": "",
          "is_categorical": false,
          "possible_values": 1866,
          "in original ontology": true,
          "count": 2458,
          "avg len": 5.015052888527258
        },
        "num.guests": {
          "description": "",
          "is_categorical": false,
          "possible_values": 212,
          "in original ontology": true,
          "count": 1321,
          "avg len": 2.1514004542013625
        },
        "type.room": {
          "description": "",
          "is_categorical": false,
          "possible_values": 492,
          "in original ontology": true,
          "count": 1827,
          "avg len": 1.655719759168035
        },
        "other_request": {
          "description": "",
          "is_categorical": false,
          "possible_values": 1618,
          "in original ontology": true,
          "count": 1819,
          "avg len": 6.236393622869708
        },
        "customer_review": {
          "description": "",
          "is_categorical": false,
          "possible_values": 49,
          "in original ontology": true,
          "count": 50,
          "avg len": 8.32
        },
        "price_per_night": {
          "description": "",
          "is_categorical": false,
          "possible_values": 969,
          "in original ontology": true,
          "count": 2353,
          "avg len": 2.7509562260943476
        },
        "total_fare": {
          "description": "",
          "is_categorical": false,
          "possible_values": 27,
          "in original ontology": true,
          "count": 27,
          "avg len": 2.0
        },
        "location": {
          "description": "",
          "is_categorical": false,
          "possible_values": 252,
          "in original ontology": true,
          "count": 355,
          "avg len": 4.430985915492958
        },
        "other_detail": {
          "description": "",
          "is_categorical": false,
          "possible_values": 2343,
          "in original ontology": true,
          "count": 2808,
          "avg len": 11.217236467236468
        },
        "hotel_booked": {
          "description": "",
          "is_categorical": false,
          "possible_values": 387,
          "in original ontology": false,
          "count": 768,
          "avg len": 6.016927083333333
        }
      },
      "prefix": [
        "hotel_booked"
      ]
    },
    "movies": {
      "description": "find a movie to watch in theaters or using a streaming service at home",
      "slots": {
        "name.movie": {
          "description": "",
          "is_categorical": false,
          "possible_values": 3209,
          "in original ontology": true,
          "count": 12943,
          "avg len": 2.5428416904890674
        },
        "genre": {
          "description": "",
          "is_categorical": false,
          "possible_values": 332,
          "in original ontology": true,
          "count": 4978,
          "avg len": 1.1428284451586983
        },
        "name.theater": {
          "description": "",
          "is_categorical": false,
          "possible_values": 660,
          "in original ontology": true,
          "count": 2107,
          "avg len": 3.078785002373042
        },
        "location.theater": {
          "description": "",
          "is_categorical": false,
          "possible_values": 820,
          "in original ontology": true,
          "count": 2898,
          "avg len": 2.8088336783988956
        },
        "time.start": {
          "description": "",
          "is_categorical": false,
          "possible_values": 1093,
          "in original ontology": true,
          "count": 6118,
          "avg len": 1.9519450800915332
        },
        "time.end.": {
          "description": "",
          "is_categorical": false,
          "possible_values": 3,
          "in original ontology": true,
          "count": 3,
          "avg len": 2.3333333333333335
        },
        "price.ticket": {
          "description": "",
          "is_categorical": false,
          "possible_values": 391,
          "in original ontology": true,
          "count": 993,
          "avg len": 1.8046324269889225
        },
        "type.screening": {
          "description": "",
          "is_categorical": false,
          "possible_values": 56,
          "in original ontology": true,
          "count": 1331,
          "avg len": 1.0510894064613072
        },
        "audience_rating": {
          "description": "",
          "is_categorical": false,
          "possible_values": 255,
          "in original ontology": true,
          "count": 448,
          "avg len": 2.877232142857143
        },
        "critic_rating": {
          "description": "",
          "is_categorical": false,
          "possible_values": 749,
          "in original ontology": true,
          "count": 1052,
          "avg len": 3.890684410646388
        },
        "movie_rating": {
          "description": "",
          "is_categorical": false,
          "possible_values": 53,
          "in original ontology": true,
          "count": 273,
          "avg len": 1.5384615384615385
        },
        "release_date": {
          "description": "",
          "is_categorical": false,
          "possible_values": 168,
          "in original ontology": true,
          "count": 384,
          "avg len": 1.859375
        },
        "runtime": {
          "description": "",
          "is_categorical": false,
          "possible_values": 95,
          "in original ontology": true,
          "count": 262,
          "avg len": 4.213740458015267
        },
        "real_person": {
          "description": "",
          "is_categorical": false,
          "possible_values": 1137,
          "in original ontology": true,
          "count": 3402,
          "avg len": 2.024103468547913
        },
        "character": {
          "description": "",
          "is_categorical": false,
          "possible_values": 739,
          "in original ontology": true,
          "count": 1654,
          "avg len": 1.4129383313180168
        },
        "synopsis": {
          "description": "",
          "is_categorical": false,
          "possible_values": 726,
          "in original ontology": true,
          "count": 828,
          "avg len": 54.09057971014493
        },
        "streaming_service": {
          "description": "",
          "is_categorical": false,
          "possible_values": 104,
          "in original ontology": true,
          "count": 2741,
          "avg len": 1.3006202116016052
        },
        "other_description": {
          "description": "",
          "is_categorical": false,
          "possible_values": 2022,
          "in original ontology": true,
          "count": 2956,
          "avg len": 4.110960757780785
        },
        "num.tickets": {
          "description": "",
          "is_categorical": false,
          "possible_values": 98,
          "in original ontology": true,
          "count": 1053,
          "avg len": 1.6144349477682811
        },
        "seating ticket_booking": {
          "description": "",
          "is_categorical": false,
          "possible_values": 0,
          "in original ontology": true,
          "count": 0,
          "avg len": 0
        },
        "ticket_booking": {
          "description": "",
          "is_categorical": false,
          "possible_values": 448,
          "in original ontology": false,
          "count": 697,
          "avg len": 6.573888091822095
        },
        "price.streaming": {
          "description": "",
          "is_categorical": false,
          "possible_values": 56,
          "in original ontology": false,
          "count": 407,
          "avg len": 1.1081081081081081
        },
        "seating": {
          "description": "",
          "is_categorical": false,
          "possible_values": 11,
          "in original ontology": false,
          "count": 13,
          "avg len": 2.1538461538461537
        }
      },
      "prefix": []
    },
    "music": {
      "description": "find several tracks to play and then comment on each one",
      "slots": {
        "name.track": {
          "description": "",
          "is_categorical": false,
          "possible_values": 3326,
          "in original ontology": true,
          "count": 4742,
          "avg len": 2.631379164909321
        },
        "name.artist": {
          "description": "",
          "is_categorical": false,
          "possible_values": 2448,
          "in original ontology": true,
          "count": 9306,
          "avg len": 1.8721255104233827
        },
        "name.album": {
          "description": "",
          "is_categorical": false,
          "possible_values": 449,
          "in original ontology": true,
          "count": 589,
          "avg len": 2.3938879456706283
        },
        "name.genre": {
          "description": "",
          "is_categorical": false,
          "possible_values": 148,
          "in original ontology": true,
          "count": 454,
          "avg len": 1.3876651982378854
        },
        "type.music": {
          "description": "",
          "is_categorical": false,
          "possible_values": 283,
          "in original ontology": true,
          "count": 603,
          "avg len": 2.2238805970149254
        },
        "describes_track": {
          "description": "",
          "is_categorical": false,
          "possible_values": 1858,
          "in original ontology": true,
          "count": 2958,
          "avg len": 4.3353617308992565
        },
        "describes_artist": {
          "description": "",
          "is_categorical": false,
          "possible_values": 548,
          "in original ontology": true,
          "count": 613,
          "avg len": 5.66068515497553
        },
        "describes_album": {
          "description": "",
          "is_categorical": false,
          "possible_values": 115,
          "in original ontology": true,
          "count": 158,
          "avg len": 4.651898734177215
        },
        "describes_genre": {
          "description": "",
          "is_categorical": false,
          "possible_values": 26,
          "in original ontology": true,
          "count": 26,
          "avg len": 4.5
        },
        "describes_type.music": {
          "description": "",
          "is_categorical": false,
          "possible_values": 322,
          "in original ontology": true,
          "count": 374,
          "avg len": 4.532085561497326
        },
        "technical_difficulty": {
          "description": "",
          "is_categorical": false,
          "possible_values": 227,
          "in original ontology": true,
          "count": 318,
          "avg len": 4.5
        }
      },
      "prefix": []
    },
    "restaurant-search": {
      "description": "ask for recommendations for a particular type of cuisine",
      "slots": {
        "name.restaurant": {
          "description": "",
          "is_categorical": false,
          "possible_values": 3757,
          "in original ontology": true,
          "count": 8531,
          "avg len": 2.362911733677177
        },
        "location": {
          "description": "",
          "is_categorical": false,
          "possible_values": 1556,
          "in original ontology": true,
          "count": 5188,
          "avg len": 3.126638396299152
        },
        "sub-location": {
          "description": "",
          "is_categorical": false,
          "possible_values": 422,
          "in original ontology": true,
          "count": 1205,
          "avg len": 3.054771784232365
        },
        "type.food": {
          "description": "",
          "is_categorical": false,
          "possible_values": 1609,
          "in original ontology": true,
          "count": 12126,
          "avg len": 1.218868546923965
        },
        "menu_item": {
          "description": "",
          "is_categorical": false,
          "possible_values": 1075,
          "in original ontology": true,
          "count": 1502,
          "avg len": 3.0585885486018642
        },
        "type.meal": {
          "description": "",
          "is_categorical": false,
          "possible_values": 63,
          "in original ontology": true,
          "count": 2606,
          "avg len": 1.0118956254796623
        },
        "rating": {
          "description": "",
          "is_categorical": false,
          "possible_values": 824,
          "in original ontology": true,
          "count": 2903,
          "avg len": 2.858422321736135
        },
        "price_range": {
          "description": "",
          "is_categorical": false,
          "possible_values": 934,
          "in original ontology": true,
          "count": 1926,
          "avg len": 3.1443406022845277
        },
        "business_hours": {
          "description": "",
          "is_categorical": false,
          "possible_values": 1263,
          "in original ontology": true,
          "count": 2036,
          "avg len": 5.762770137524558
        },
        "other_description": {
          "description": "",
          "is_categorical": false,
          "possible_values": 2555,
          "in original ontology": true,
          "count": 4178,
          "avg len": 4.717568214456678
        },
        "name.reservation": {
          "description": "",
          "is_categorical": false,
          "possible_values": 7,
          "in original ontology": true,
          "count": 9,
          "avg len": 1.0
        },
        "num.guests": {
          "description": "",
          "is_categorical": false,
          "possible_values": 37,
          "in original ontology": true,
          "count": 179,
          "avg len": 1.3743016759776536
        },
        "time.reservation": {
          "description": "",
          "is_categorical": false,
          "possible_values": 76,
          "in original ontology": true,
          "count": 217,
          "avg len": 1.8202764976958525
        },
        "date.reservation": {
          "description": "",
          "is_categorical": false,
          "possible_values": 32,
          "in original ontology": true,
          "count": 130,
          "avg len": 1.176923076923077
        },
        "type.seating": {
          "description": "",
          "is_categorical": false,
          "possible_values": 5,
          "in original ontology": true,
          "count": 5,
          "avg len": 1.4
        },
        "offical_description": {
          "description": "",
          "is_categorical": false,
          "possible_values": 2232,
          "in original ontology": false,
          "count": 2912,
          "avg len": 14.963598901098901
        },
        "phone": {
          "description": "",
          "is_categorical": false,
          "possible_values": 109,
          "in original ontology": false,
          "count": 129,
          "avg len": 1.930232558139535
        }
      },
      "prefix": []
    },
    "sports": {
      "description": "discuss facts and stats about players, teams, games, etc. in EPL, MLB, MLS, NBA, NFL",
      "slots": {
        "name.team": {
          "description": "",
          "is_categorical": false,
          "possible_values": 1437,
          "in original ontology": true,
          "count": 19726,
          "avg len": 1.8637838385886647
        },
        "record.team": {
          "description": "",
          "is_categorical": false,
          "possible_values": 1341,
          "in original ontology": true,
          "count": 3364,
          "avg len": 2.7990487514863256
        },
        "record.games_ahead": {
          "description": "",
          "is_categorical": false,
          "possible_values": 32,
          "in original ontology": true,
          "count": 33,
          "avg len": 6.545454545454546
        },
        "record.games_back": {
          "description": "",
          "is_categorical": false,
          "possible_values": 304,
          "in original ontology": true,
          "count": 365,
          "avg len": 7.197260273972603
        },
        "place.team": {
          "description": "",
          "is_categorical": false,
          "possible_values": 277,
          "in original ontology": true,
          "count": 4122,
          "avg len": 1.9216399805919457
        },
        "result.match": {
          "description": "",
          "is_categorical": false,
          "possible_values": 224,
          "in original ontology": true,
          "count": 3252,
          "avg len": 1.7075645756457565
        },
        "score.match": {
          "description": "",
          "is_categorical": false,
          "possible_values": 950,
          "in original ontology": true,
          "count": 3248,
          "avg len": 1.9134852216748768
        },
        "date.match": {
          "description": "",
          "is_categorical": false,
          "possible_values": 346,
          "in original ontology": true,
          "count": 2667,
          "avg len": 1.9902512185976753
        },
        "day.match": {
          "description": "",
          "is_categorical": false,
          "possible_values": 108,
          "in original ontology": true,
          "count": 4748,
          "avg len": 1.3201347935973042
        },
        "time.match": {
          "description": "",
          "is_categorical": false,
          "possible_values": 359,
          "in original ontology": true,
          "count": 1289,
          "avg len": 2.065166795965865
        },
        "name.player": {
          "description": "",
          "is_categorical": false,
          "possible_values": 1144,
          "in original ontology": true,
          "count": 2436,
          "avg len": 2.0057471264367814
        },
        "position.player": {
          "description": "",
          "is_categorical": false,
          "possible_values": 157,
          "in original ontology": true,
          "count": 2759,
          "avg len": 1.247191011235955
        },
        "record.player": {
          "description": "",
          "is_categorical": false,
          "possible_values": 80,
          "in original ontology": true,
          "count": 82,
          "avg len": 4.097560975609756
        },
        "name.non_player": {
          "description": "",
          "is_categorical": false,
          "possible_values": 236,
          "in original ontology": true,
          "count": 859,
          "avg len": 2.0360884749708963
        },
        "venue": {
          "description": "",
          "is_categorical": false,
          "possible_values": 218,
          "in original ontology": true,
          "count": 331,
          "avg len": 2.389728096676737
        },
        "other_description.person": {
          "description": "",
          "is_categorical": false,
          "possible_values": 126,
          "in original ontology": true,
          "count": 126,
          "avg len": 7.277777777777778
        },
        "other_description.team": {
          "description": "",
          "is_categorical": false,
          "possible_values": 834,
          "in original ontology": true,
          "count": 912,
          "avg len": 7.734649122807017
        },
        "other_description.match": {
          "description": "",
          "is_categorical": false,
          "possible_values": 32,
          "in original ontology": true,
          "count": 32,
          "avg len": 8.28125
        }
      },
      "prefix": []
    }
  },
  "intents": {
    "inform": {
      "description": "inform the value of a slot or general information."
    }
  },
  "binary_dialogue_acts": [],
  "state": {
    "flights": {},
    "food-ordering": {},
    "hotels": {},
    "movies": {},
    "music": {},
    "restaurant-search": {},
    "sports": {}
  }
}