{
  "domains": {
    "restaurant": {
      "description": "find a restaurant to eat",
      "slots": {
        "area": {
          "description": "area where the restaurant is located",
          "is_categorical": true,
          "possible_values": [
            "centre",
            "north",
            "west",
            "south",
            "east"
          ]
        },
        "price range": {
          "description": "price range of the restaurant",
          "is_categorical": true,
          "possible_values": [
            "cheap",
            "moderate",
            "expensive"
          ]
        },
        "food": {
          "description": "the cuisine of the restaurant",
          "is_categorical": false,
          "possible_values": [
            "afghan",
            "african",
            "afternoon tea",
            "asian oriental",
            "australasian",
            "australian",
            "austrian",
            "barbeque",
            "basque",
            "belgian",
            "bistro",
            "brazilian",
            "british",
            "canapes",
            "cantonese",
            "caribbean",
            "catalan",
            "chinese",
            "christmas",
            "corsica",
            "creative",
            "crossover",
            "cuban",
            "danish",
            "eastern european",
            "english",
            "eritrean",
            "european",
            "french",
            "fusion",
            "gastropub",
            "german",
            "greek",
            "halal",
            "hungarian",
            "indian",
            "indonesian",
            "international",
            "irish",
            "italian",
            "jamaican",
            "japanese",
            "korean",
            "kosher",
            "latin american",
            "lebanese",
            "light bites",
            "malaysian",
            "mediterranean",
            "mexican",
            "middle eastern",
            "modern american",
            "modern eclectic",
            "modern european",
            "modern global",
            "molecular gastronomy",
            "moroccan",
            "new zealand",
            "north african",
            "north american",
            "north indian",
            "northern european",
            "panasian",
            "persian",
            "polish",
            "polynesian",
            "portuguese",
            "romanian",
            "russian",
            "scandinavian",
            "scottish",
            "seafood",
            "singaporean",
            "south african",
            "south indian",
            "spanish",
            "sri lankan",
            "steakhouse",
            "swedish",
            "swiss",
            "thai",
            "the americas",
            "traditional",
            "turkish",
            "tuscan",
            "unusual",
            "vegetarian",
            "venetian",
            "vietnamese",
            "welsh",
            "world"
          ]
        },
        "name": {
          "description": "name of the restaurant",
          "is_categorical": false,
          "possible_values": []
        },
        "phone": {
          "description": "phone number of the restaurant",
          "is_categorical": false,
          "possible_values": []
        },
        "address": {
          "description": "exact location of the restaurant",
          "is_categorical": false,
          "possible_values": []
        },
        "postcode": {
          "description": "postcode of the restaurant",
          "is_categorical": false,
          "possible_values": []
        }
      }
    }
  },
  "intents": {
    "inform": {
      "description": "inform the value of a slot"
    },
    "request": {
      "description": "ask for the value of a slot"
    },
    "nooffer": {
      "description": "inform the user that there is no result satisfies user requirements"
    }
  },
  "state": {
    "restaurant": {
      "price range": "",
      "area": "",
      "food": ""
    }
  },
  "dialogue_acts": {
    "categorical": [
      "{'user': True, 'system': True, 'intent': 'inform', 'domain': 'restaurant', 'slot': 'area'}",
      "{'user': True, 'system': True, 'intent': 'inform', 'domain': 'restaurant', 'slot': 'price range'}"
    ],
    "non-categorical": [
      "{'user': False, 'system': True, 'intent': 'inform', 'domain': 'restaurant', 'slot': 'address'}",
      "{'user': False, 'system': True, 'intent': 'inform', 'domain': 'restaurant', 'slot': 'name'}",
      "{'user': False, 'system': True, 'intent': 'inform', 'domain': 'restaurant', 'slot': 'phone'}",
      "{'user': False, 'system': True, 'intent': 'inform', 'domain': 'restaurant', 'slot': 'postcode'}",
      "{'user': True, 'system': True, 'intent': 'inform', 'domain': 'restaurant', 'slot': 'food'}"
    ],
    "binary": [
      "{'user': False, 'system': True, 'intent': 'nooffer', 'domain': 'restaurant', 'slot': ''}",
      "{'user': True, 'system': True, 'intent': 'request', 'domain': 'restaurant', 'slot': 'address'}",
      "{'user': True, 'system': True, 'intent': 'request', 'domain': 'restaurant', 'slot': 'area'}",
      "{'user': True, 'system': True, 'intent': 'request', 'domain': 'restaurant', 'slot': 'food'}",
      "{'user': True, 'system': True, 'intent': 'request', 'domain': 'restaurant', 'slot': 'name'}",
      "{'user': True, 'system': True, 'intent': 'request', 'domain': 'restaurant', 'slot': 'phone'}",
      "{'user': True, 'system': True, 'intent': 'request', 'domain': 'restaurant', 'slot': 'postcode'}",
      "{'user': True, 'system': True, 'intent': 'request', 'domain': 'restaurant', 'slot': 'price range'}"
    ]
  }
}